year_month,segment,usuarios_grupo,balance,tarjeta_tx_cantidad,tarjeta_valor_tx_promedio,tarjeta_promedio_usuario,investment_buy_tx_cantidad,investment_buy_valor_tx_promedio,investment_buy_promedio_usuario,investment_sell_tx_cantidad,investment_sell_valor_tx_promedio,investment_sell_promedio_usuario,crypto_deposit_tx_cantidad,crypto_deposit_valor_tx_promedio,crypto_deposit_promedio_usuario,crypto_withdraw_tx_cantidad,crypto_withdraw_valor_tx_promedio,crypto_withdraw_promedio_usuario,cash_deposit_tx_cantidad,cash_deposit_valor_tx_promedio,cash_deposit_promedio_usuario,cash_withdraw_tx_cantidad,cash_withdraw_valor_tx_promedio,cash_withdraw_promedio_usuario,fiat_deposit_tx_cantidad,fiat_deposit_valor_tx_promedio,fiat_deposit_promedio_usuario,fiat_withdraw_tx_cantidad,fiat_withdraw_valor_tx_promedio,fiat_withdraw_promedio_usuario
2023-12,B:<100_S:<1,148,31.12324324324324,0,0.0,0.0,0,0.0,0.0,2,5.99,0.08,9,32.39,1.97,20,247.65,33.47,0,0.0,0.0,0,0,0.0,0,0.0,0.0,0,0.0,0.0
2023-12,B:<10_S:<1,1668,0.07149782017524926,0,0.0,0.0,33,8.25,0.16,19,89.44,1.02,18,28.81,0.31,61,199.1,7.28,0,0.0,0.0,0,0,0.0,0,0.0,0.0,0,0.0,0.0
2023-12,B:<10k_S:<1,8,5149.625,0,0.0,0.0,2,2.5,0.62,3,2.36,0.89,2,9.5,2.38,17,80.62,171.31,0,0.0,0.0,0,0,0.0,0,0.0,0.0,0,0.0,0.0
2023-12,B:<1k_S:<1,10,656.7800000000001,0,0.0,0.0,0,0.0,0.0,0,0.0,0.0,0,0.0,0.0,5,408.0,204.0,0,0.0,0.0,0,0,0.0,0,0.0,0.0,0,0.0,0.0
2023-12,B:<3k_S:<1,12,2201.596666666667,0,0.0,0.0,2,3.0,0.5,0,0.0,0.0,0,0.0,0.0,12,727.17,727.17,0,0.0,0.0,0,0,0.0,0,0.0,0.0,0,0.0,0.0
2023-12,B:<500_S:<1,32,225.1628125,0,0.0,0.0,0,0.0,0.0,2,53.98,3.37,1,249.0,7.78,14,208.21,91.09,0,0.0,0.0,0,0,0.0,0,0.0,0.0,0,0.0,0.0
2023-12,B:>10k_S:<1,5,13089.078,0,0.0,0.0,0,0.0,0.0,0,0.0,0.0,0,0.0,0.0,0,0.0,0.0,0,0.0,0.0,0,0,0.0,0,0.0,0.0,0,0.0,0.0
2023-12,B:nan_S:<1,2,-2.6645352591003757e-15,0,0.0,0.0,1,6.69,3.34,2,14.08,14.08,1,37.69,18.84,1,8.13,4.07,0,0.0,0.0,0,0,0.0,0,0.0,0.0,0,0.0,0.0
2024-01,B:<100_S:<1,96,29.93674008810573,0,0.0,0.0,3,13.43,0.42,6,8.31,0.52,17,133.47,23.63,30,223.56,69.86,0,0.0,0.0,0,0,0.0,0,0.0,0.0,0,0.0,0.0
2024-01,B:<10_S:<1,957,0.1142309693081324,0,0.0,0.0,52,61.33,3.33,61,49.68,3.17,44,397.39,18.27,122,939.78,119.81,0,0.0,0.0,0,0,0.0,0,0.0,0.0,0,0.0,0.0
2024-01,B:<10k_S:<1,10,5390.413076923078,0,0.0,0.0,2,8.5,1.7,2,1.5,0.3,1,20.0,2.0,46,1109.46,5103.5,0,0.0,0.0,0,0,0.0,0,0.0,0.0,0,0.0,0.0
2024-01,B:<1k_S:<1,8,707.8276923076924,0,0.0,0.0,0,0.0,0.0,0,0.0,0.0,3,167.33,62.75,18,90.83,204.38,0,0.0,0.0,0,0,0.0,0,0.0,0.0,0,0.0,0.0
2024-01,B:<3k_S:<1,7,1730.3027272727275,0,0.0,0.0,0,0.0,0.0,0,0.0,0.0,1,1100.0,157.14,24,208.79,715.86,0,0.0,0.0,0,0,0.0,0,0.0,0.0,0,0.0,0.0
2024-01,B:<500_S:<1,20,206.670243902439,0,0.0,0.0,3,1.0,0.15,4,43.86,8.77,6,58.17,17.45,29,144.38,209.35,0,0.0,0.0,0,0,0.0,0,0.0,0.0,0,0.0,0.0
2024-01,B:>10k_S:<1,3,15547.366,0,0.0,0.0,0,0.0,0.0,0,0.0,0.0,0,0.0,0.0,25,174.6,1455.0,0,0.0,0.0,0,0,0.0,0,0.0,0.0,0,0.0,0.0
2024-01,B:nan_S:<1,5,-2.1168252336186317e-14,0,0.0,0.0,0,0.0,0.0,0,0.0,0.0,5,17.19,17.19,13,150.11,390.28,0,0.0,0.0,0,0,0.0,0,0.0,0.0,0,0.0,0.0
2024-02,B:<100_S:<1,49,30.56061776061776,0,0.0,0.0,0,0.0,0.0,43,2.88,2.52,4,28.18,2.3,11,172.73,38.78,0,0.0,0.0,0,0,0.0,0,0.0,0.0,0,0.0,0.0
2024-02,B:<10_S:<1,417,0.13013074450525583,0,0.0,0.0,42,7.72,0.78,60,24.68,3.55,32,145.23,11.14,74,373.24,66.23,0,0.0,0.0,0,0,0.0,0,0.0,0.0,0,0.0,0.0
2024-02,B:<10k_S:<1,12,6164.986666666666,0,0.0,0.0,7,252.86,147.5,1,1.0,0.08,0,0.0,0.0,59,249.73,1227.84,0,0.0,0.0,0,0,0.0,0,0.0,0.0,0,0.0,0.0
2024-02,B:<1k_S:<1,7,635.4238461538462,0,0.0,0.0,0,0.0,0.0,2,298.79,85.37,0,0.0,0.0,20,220.15,629.0,0,0.0,0.0,0,0,0.0,0,0.0,0.0,0,0.0,0.0
2024-02,B:<3k_S:<1,11,1820.3229411764705,0,0.0,0.0,2,1513.0,275.09,1,2957.48,268.86,1,34.08,3.1,47,302.38,1292.0,0,0.0,0.0,0,0,0.0,0,0.0,0.0,0,0.0,0.0
2024-02,B:<500_S:<1,13,202.01116279069765,0,0.0,0.0,1,10.0,0.77,3,33.28,7.68,0,0.0,0.0,15,193.54,223.31,0,0.0,0.0,0,0,0.0,0,0.0,0.0,0,0.0,0.0
2024-02,B:>10k_S:<1,5,13957.038333333332,0,0.0,0.0,0,0.0,0.0,0,0.0,0.0,0,0.0,0.0,25,255.24,1276.2,0,0.0,0.0,0,0,0.0,0,0.0,0.0,0,0.0,0.0
2024-02,B:nan_S:<1,3,-16.66666666666669,0,0.0,0.0,0,0.0,0.0,1,1.0,0.33,0,0.0,0.0,6,513.58,1027.17,0,0.0,0.0,0,0,0.0,0,0.0,0.0,0,0.0,0.0
2024-03,B:<100_S:<1,31,29.86885185185185,0,0.0,0.0,5,15.8,2.55,23,3.32,2.46,3,9.67,0.94,3,10.67,1.03,0,0.0,0.0,0,0,0.0,0,0.0,0.0,0,0.0,0.0
2024-03,B:<10_S:<1,330,0.1439388801947487,0,0.0,0.0,53,12.67,2.03,84,8.32,2.12,18,69.15,3.77,84,278.83,70.97,0,0.0,0.0,0,0,0.0,0,0.0,0.0,0,0.0,0.0
2024-03,B:<10k_S:<1,12,5924.83375,0,0.0,0.0,9,408.89,306.67,1,99.63,8.3,0,0.0,0.0,83,518.08,3583.38,0,0.0,0.0,0,0,0.0,0,0.0,0.0,0,0.0,0.0
2024-03,B:<1k_S:<1,7,669.6192307692307,0,0.0,0.0,0,0.0,0.0,0,0.0,0.0,0,0.0,0.0,16,251.25,574.29,0,0.0,0.0,0,0,0.0,0,0.0,0.0,0,0.0,0.0
2024-03,B:<3k_S:<1,8,1688.776470588235,0,0.0,0.0,1,950.0,118.75,0,0.0,0.0,0,0.0,0.0,48,290.56,1743.38,0,0.0,0.0,0,0,0.0,0,0.0,0.0,0,0.0,0.0
2024-03,B:<500_S:<1,11,206.38444444444443,0,0.0,0.0,3,34.0,9.27,5,51.66,23.48,3,67.41,18.39,19,69.11,119.36,0,0.0,0.0,0,0,0.0,0,0.0,0.0,0,0.0,0.0
2024-03,B:>10k_S:<1,4,14997.378,0,0.0,0.0,0,0.0,0.0,0,0.0,0.0,2,1765.0,882.5,42,134.86,1416.0,0,0.0,0.0,0,0,0.0,0,0.0,0.0,0,0.0,0.0
2024-03,B:nan_S:<1,7,-8.178571428571454,0,0.0,0.0,1,24.46,3.49,1,169.66,24.24,1,24.45,3.49,8,92.02,105.16,0,0.0,0.0,0,0,0.0,0,0.0,0.0,0,0.0,0.0
2024-04,B:<100_S:<1,28,31.588197879858654,0,0.0,0.0,2,50.0,3.57,0,0.0,0.0,8,649.77,185.65,32,366.88,419.3,0,0.0,0.0,0,0,0.0,0,0.0,0.0,0,0.0,0.0
2024-04,B:<10_S:<1,239,0.1525272909146262,0,0.0,0.0,23,9.31,0.9,29,9.41,1.14,9,37.99,1.43,53,458.3,101.63,0,0.0,0.0,0,0,0.0,2,1.03,0.01,6,13.67,0.34
2024-04,B:<10k_S:<1,10,5789.032,0,0.0,0.0,5,1900.2,950.1,2,2489.95,497.99,1,998.8,99.88,66,390.62,2578.1,0,0.0,0.0,0,0,0.0,2,3.34,0.67,4,1750.25,700.1
2024-04,B:<1k_S:<1,6,708.3458333333334,0,0.0,0.0,0,0.0,0.0,2,81.66,27.22,0,0.0,0.0,46,125.5,962.17,0,0.0,0.0,0,0,0.0,0,0.0,0.0,0,0.0,0.0
2024-04,B:<3k_S:<1,5,1893.1414285714288,0,0.0,0.0,7,231.14,323.6,1,4.97,0.99,9,278.35,501.03,41,261.31,2142.71,0,0.0,0.0,0,0,0.0,2,1.21,0.48,6,1.91,2.3
2024-04,B:<500_S:<1,11,206.88266666666667,0,0.0,0.0,0,0.0,0.0,1,89.61,8.15,0,0.0,0.0,35,103.78,330.19,0,0.0,0.0,0,0,0.0,0,0.0,0.0,0,0.0,0.0
2024-04,B:>10k_S:<1,4,14571.789999999999,0,0.0,0.0,0,0.0,0.0,0,0.0,0.0,1,947.8,236.95,39,436.6,4256.82,0,0.0,0.0,0,0,0.0,0,0.0,0.0,0,0.0,0.0
2024-04,B:nan_S:<1,4,-6.735294117647081,0,0.0,0.0,8,84.83,169.66,2,4.78,2.39,4,25.02,25.02,3,13.3,9.97,0,0.0,0.0,0,0,0.0,0,0.0,0.0,0,0.0,0.0
2024-05,B:<100_S:<1,26,31.02778169014085,0,0.0,0.0,0,0.0,0.0,1,13.38,0.51,1,314.0,12.08,6,625.0,144.23,0,0.0,0.0,0,0,0.0,2,18.12,1.39,5,563.2,108.31
2024-05,B:<10_S:<1,247,0.1646392694063927,0,0.0,0.0,22,13.25,1.18,35,10.97,1.55,17,83.78,5.77,102,222.79,92.0,0,0.0,0.0,0,0,0.0,1,3.01,0.01,4,13.12,0.21
2024-05,B:<10k_S:<1,11,5634.003846153845,0,0.0,0.0,11,664.11,664.11,3,2.32,0.63,2,10.5,1.91,92,422.06,3529.96,0,0.0,0.0,0,0,0.0,0,0.0,0.0,1,2577.0,234.27
2024-05,B:<1k_S:<1,4,694.1233333333334,0,0.0,0.0,0,0.0,0.0,0,0.0,0.0,0,0.0,0.0,13,241.42,784.62,0,0.0,0.0,0,0,0.0,0,0.0,0.0,0,0.0,0.0
2024-05,B:<3k_S:<1,9,1725.318888888889,0,0.0,0.0,3,11.67,3.89,9,138.51,138.51,1,925.0,102.78,67,299.4,2228.89,0,0.0,0.0,0,0,0.0,0,0.0,0.0,0,0.0,0.0
2024-05,B:<500_S:<1,8,210.41511627906976,0,0.0,0.0,1,3070.0,383.75,0,0.0,0.0,0,0.0,0.0,12,48.39,72.59,0,0.0,0.0,0,0,0.0,0,0.0,0.0,0,0.0,0.0
2024-05,B:>10k_S:<1,3,14499.705,0,0.0,0.0,0,0.0,0.0,0,0.0,0.0,0,0.0,0.0,20,139.16,927.73,0,0.0,0.0,0,0,0.0,0,0.0,0.0,0,0.0,0.0
2024-05,B:nan_S:<1,2,-6.361111111111145,0,0.0,0.0,0,0.0,0.0,0,0.0,0.0,0,0.0,0.0,4,131.72,263.44,0,0.0,0.0,0,0,0.0,0,0.0,0.0,0,0.0,0.0
2024-06,B:<100_S:<1,30,30.76122112211221,0,0.0,0.0,3,4.0,0.4,6,15.04,3.01,8,7.76,2.07,9,50.11,15.03,0,0.0,0.0,0,0,0.0,0,0.0,0.0,2,34.75,2.32
2024-06,B:<10_S:<1,180,0.1739903322736576,0,0.0,0.0,27,9.85,1.48,19,14.79,1.56,60,24.26,8.09,54,101.17,30.35,0,0.0,0.0,0,0,0.0,1,0.06,0.0,3,30.0,0.5
2024-06,B:<10k_S:<1,11,6221.382142857144,0,0.0,0.0,0,0.0,0.0,2,0.99,0.18,1,1999.0,181.73,66,260.79,1564.74,0,0.0,0.0,0,0,0.0,0,0.0,0.0,3,1000.0,272.73
2024-06,B:<1k_S:<1,2,659.5957142857143,0,0.0,0.0,1,30.0,15.0,0,0.0,0.0,0,0.0,0.0,18,96.78,871.0,0,0.0,0.0,0,0,0.0,0,0.0,0.0,0,0.0,0.0
2024-06,B:<3k_S:<1,13,1733.20380952381,0,0.0,0.0,3,100.0,23.08,4,155.37,47.81,1,549.0,42.23,63,252.81,1225.14,0,0.0,0.0,0,0,0.0,0,0.0,0.0,0,0.0,0.0
2024-06,B:<500_S:<1,12,206.80229166666666,0,0.0,0.0,0,0.0,0.0,0,0.0,0.0,0,0.0,0.0,24,116.45,232.91,0,0.0,0.0,0,0,0.0,1,1.04,0.09,4,13.05,4.35
2024-06,B:>10k_S:<1,3,14762.205,0,0.0,0.0,0,0.0,0.0,0,0.0,0.0,0,0.0,0.0,9,153.33,460.0,0,0.0,0.0,0,0,0.0,0,0.0,0.0,0,0.0,0.0
2024-06,B:nan_S:<1,6,-4.799166666666737,0,0.0,0.0,0,0.0,0.0,4,261.22,174.14,1,490.15,81.69,16,811.37,2163.66,0,0.0,0.0,0,0,0.0,0,0.0,0.0,0,0.0,0.0
2024-07,B:<100_S:<1,24,30.866913183279745,0,0.0,0.0,1,15.0,0.62,5,43.14,8.99,3,23.15,2.89,3,1.67,0.21,0,0.0,0.0,0,0,0.0,0,0.0,0.0,0,0.0,0.0
2024-07,B:<10_S:<1,162,0.17720362622036265,0,0.0,0.0,19,18.45,2.16,33,12.5,2.55,26,25.66,4.12,41,64.44,16.31,0,0.0,0.0,0,0,0.0,1,8.87,0.05,6,21.5,0.8
2024-07,B:<10k_S:<1,10,5709.057142857142,0,0.0,0.0,0,0.0,0.0,1,0.99,0.1,0,0.0,0.0,85,249.75,2122.84,0,0.0,0.0,0,0,0.0,3,2342.98,702.89,1,1000.0,100.0
2024-07,B:<1k_S:<1,2,683.1075,0,0.0,0.0,0,0.0,0.0,0,0.0,0.0,1,20.0,10.0,19,207.74,1973.5,0,0.0,0.0,0,0,0.0,0,0.0,0.0,0,0.0,0.0
2024-07,B:<3k_S:<1,10,1745.3205000000003,0,0.0,0.0,2,100.0,20.0,3,134.03,40.21,1,20.0,2.0,36,241.01,867.65,0,0.0,0.0,0,0,0.0,0,0.0,0.0,0,0.0,0.0
2024-07,B:<500_S:<1,15,212.73163265306124,0,0.0,0.0,3,11.0,2.2,4,10.96,2.92,2,159.5,21.27,33,150.16,330.35,0,0.0,0.0,0,0,0.0,4,113.45,30.25,1,220.0,14.67
2024-07,B:>10k_S:<1,6,14042.962857142858,0,0.0,0.0,0,0.0,0.0,0,0.0,0.0,0,0.0,0.0,20,196.42,654.72,0,0.0,0.0,0,0,0.0,0,0.0,0.0,0,0.0,0.0
2024-07,B:nan_S:<1,10,-3.7367741935484426,0,0.0,0.0,2,31.18,6.24,0,0.0,0.0,4,43.04,17.22,10,293.24,293.24,0,0.0,0.0,0,0,0.0,0,0.0,0.0,0,0.0,0.0
2024-08,B:<100_S:<1,18,30.421937500000002,0,0.0,0.0,2,525.0,58.33,0,0.0,0.0,7,19.65,7.64,7,12.23,4.76,0,0.0,0.0,0,0,0.0,0,0.0,0.0,0,0.0,0.0
2024-08,B:<10_S:<1,177,0.1829744820065431,0,0.0,0.0,13,16.59,1.22,9,17.46,0.89,22,26.42,3.28,30,130.84,22.18,0,0.0,0.0,0,0,0.0,7,158.59,6.27,0,0.0,0.0
2024-08,B:<10k_S:<1,9,6752.055833333332,0,0.0,0.0,1,1.0,0.11,0,0.0,0.0,4,2124.15,944.07,43,510.74,2440.2,0,0.0,0.0,0,0,0.0,2,4354.07,967.57,1,3000.0,333.33
2024-08,B:<10k_S:<100,1,3024.94,2,5.8,11.61,1,1.0,1.0,0,0.0,0.0,0,0.0,0.0,12,87.58,1051.0,0,0.0,0.0,0,0,0.0,0,0.0,0.0,0,0.0,0.0
2024-08,B:<1k_S:<1,4,666.918,0,0.0,0.0,0,0.0,0.0,0,0.0,0.0,6,144.75,217.12,7,927.83,1623.7,0,0.0,0.0,0,0,0.0,6,1296.27,1944.4,0,0.0,0.0
2024-08,B:<3k_S:<1,13,1828.564761904762,0,0.0,0.0,2,62.5,9.62,0,0.0,0.0,4,839.75,258.38,111,298.4,2547.86,0,0.0,0.0,0,0,0.0,3,2565.16,591.96,0,0.0,0.0
2024-08,B:<500_S:<1,14,207.22918367346938,0,0.0,0.0,2,125.0,17.86,0,0.0,0.0,4,74.26,21.22,54,118.02,455.22,0,0.0,0.0,0,0,0.0,4,166.68,47.62,0,0.0,0.0
2024-08,B:>10k_S:<1,6,15302.244285714289,0,0.0,0.0,1,500.0,83.33,0,0.0,0.0,0,0.0,0.0,23,395.49,1516.04,0,0.0,0.0,0,0,0.0,0,0.0,0.0,0,0.0,0.0
2024-08,B:nan_S:<1,12,-3.8851282051282214,0,0.0,0.0,12,253.67,253.67,3,13.42,3.35,1,16.63,1.39,14,720.35,840.41,0,0.0,0.0,0,0,0.0,0,0.0,0.0,0,0.0,0.0
2024-09,B:<100_S:<1,11,30.188218749999997,0,0.0,0.0,0,0.0,0.0,1,12.98,1.18,3,45.6,12.44,2,40.5,7.36,0,0.0,0.0,0,0,0.0,0,0.0,0.0,0,0.0,0.0
2024-09,B:<100_S:<100,1,76.46,1,17.09,17.09,0,0.0,0.0,1,58.75,58.75,0,0.0,0.0,0,0.0,0.0,0,0.0,0.0,0,0,0.0,0,0.0,0.0,0,0.0,0.0
2024-09,B:<100_S:<1k,1,11.95999999999998,17,52.08,885.41,0,0.0,0.0,0,0.0,0.0,4,199.38,797.5,0,0.0,0.0,0,0.0,0.0,0,0,0.0,0,0.0,0.0,0,0.0,0.0
2024-09,B:<100_S:<300,1,67.25,2,56.46,112.93,0,0.0,0.0,1,58.18,58.18,0,0.0,0.0,0,0.0,0.0,0,0.0,0.0,0,0,0.0,0,0.0,0.0,0,0.0,0.0
2024-09,B:<10_S:<1,150,0.18628356840312663,0,0.0,0.0,21,27.39,3.84,22,23.52,3.45,15,59.41,5.94,36,129.0,30.96,0,0.0,0.0,0,0,0.0,9,23.02,1.38,0,0.0,0.0
2024-09,B:<10k_S:<1,8,5898.478181818182,0,0.0,0.0,4,185.0,92.5,0,0.0,0.0,3,477.01,178.88,52,252.34,1640.2,0,0.0,0.0,0,0,0.0,1,1708.14,213.52,0,0.0,0.0
2024-09,B:<10k_S:<10,1,3584.0599999999995,2,2.76,5.52,0,0.0,0.0,0,0.0,0.0,0,0.0,0.0,4,214.0,856.0,0,0.0,0.0,0,0,0.0,0,0.0,0.0,0,0.0,0.0
2024-09,B:<10k_S:<100,2,3807.005,4,16.74,33.48,1,1.0,0.5,0,0.0,0.0,1,7000.0,3500.0,17,574.41,4882.5,0,0.0,0.0,0,0,0.0,0,0.0,0.0,0,0.0,0.0
2024-09,B:<10k_S:<300,1,3096.42,18,16.5,297.06,0,0.0,0.0,0,0.0,0.0,0,0.0,0.0,6,483.33,2900.0,0,0.0,0.0,0,0,0.0,3,51.52,154.57,0,0.0,0.0
2024-09,B:<10k_S:<500,2,3150.9,7,113.72,398.02,0,0.0,0.0,0,0.0,0.0,2,1599.0,1599.0,0,0.0,0.0,0,0.0,0.0,0,0,0.0,0,0.0,0.0,0,0.0,0.0
2024-09,B:<1k_S:<1,6,636.0909090909091,0,0.0,0.0,5,24.0,20.0,0,0.0,0.0,6,323.83,323.83,23,129.04,494.67,0,0.0,0.0,0,0,0.0,0,0.0,0.0,3,500.67,250.33
2024-09,B:<3k_S:<1,7,1708.8578571428573,0,0.0,0.0,0,0.0,0.0,0,0.0,0.0,0,0.0,0.0,19,369.0,1001.57,0,0.0,0.0,0,0,0.0,3,1330.9,570.38,0,0.0,0.0
2024-09,B:<3k_S:<100,1,1821.1200000000001,2,35.22,70.43,0,0.0,0.0,0,0.0,0.0,1,908.49,908.49,22,80.09,1761.92,0,0.0,0.0,0,0,0.0,0,0.0,0.0,0,0.0,0.0
2024-09,B:<500_S:<1,14,211.5401923076923,0,0.0,0.0,0,0.0,0.0,0,0.0,0.0,6,43.61,18.69,57,201.09,818.74,0,0.0,0.0,0,0,0.0,8,1005.83,574.76,0,0.0,0.0
2024-09,B:>10k_S:<1,4,20485.795000000002,0,0.0,0.0,1,606.22,151.56,0,0.0,0.0,3,7002.33,5251.75,11,302.06,830.67,0,0.0,0.0,0,0,0.0,1,7000.0,1750.0,0,0.0,0.0
2024-09,B:>10k_S:<100,1,10055.409999999998,3,22.31,66.93,0,0.0,0.0,1,9.95,9.95,0,0.0,0.0,4,2000.0,8000.0,0,0.0,0.0,0,0,0.0,0,0.0,0.0,0,0.0,0.0
2024-09,B:>10k_S:<1k,1,14785.41,6,101.82,610.89,0,0.0,0.0,0,0.0,0.0,1,1000.0,1000.0,1,283.0,283.0,0,0.0,0.0,0,0,0.0,0,0.0,0.0,0,0.0,0.0
2024-09,B:>10k_S:<300,1,18968.54,3,78.94,236.81,0,0.0,0.0,0,0.0,0.0,0,0.0,0.0,0,0.0,0.0,0,0.0,0.0,0,0,0.0,0,0.0,0.0,0,0.0,0.0
2024-09,B:nan_S:<1,22,-3.010181818181851,0,0.0,0.0,2,507.06,46.1,2,48.48,4.41,2,57.22,5.2,33,665.69,998.54,0,0.0,0.0,0,0,0.0,14,1185.67,754.52,1,7.03,0.32
2024-09,B:nan_S:<100,1,-0.8399999999999181,2,5.92,11.85,0,0.0,0.0,0,0.0,0.0,1,90.0,90.0,3,797.24,2391.71,0,0.0,0.0,0,0,0.0,0,0.0,0.0,0,0.0,0.0
2024-10,B:<100_S:<1,42,30.64570200573066,0,0.0,0.0,4,4.38,0.42,7,19.56,3.26,11,22.06,5.78,10,239.56,57.04,0,0.0,0.0,0,0,0.0,9,26.8,5.74,1,1.0,0.02
2024-10,B:<100_S:<10,2,17.91999999999997,3,4.67,7.0,0,0.0,0.0,0,0.0,0.0,0,0.0,0.0,1,50.0,25.0,0,0.0,0.0,0,0,0.0,1,4.85,2.42,0,0.0,0.0
2024-10,B:<100_S:<100,4,41.532500000000006,13,16.38,53.22,0,0.0,0.0,0,0.0,0.0,4,35.12,35.12,0,0.0,0.0,0,0.0,0.0,0,0,0.0,2,36.27,18.14,0,0.0,0.0
2024-10,B:<100_S:<1k,1,43.95999999999998,29,30.06,871.87,3,1.33,4.0,0,0.0,0.0,3,352.33,1057.0,2,3.0,6.0,0,0.0,0.0,0,0,0.0,0,0.0,0.0,0,0.0,0.0
2024-10,B:<100_S:<300,1,88.0,8,19.32,154.6,0,0.0,0.0,0,0.0,0.0,0,0.0,0.0,0,0.0,0.0,0,0.0,0.0,0,0,0.0,8,33.25,266.02,0,0.0,0.0
2024-10,B:<10_S:<1,220,0.1989713809878601,0,0.0,0.0,23,11.99,1.25,23,8.76,0.92,17,15.0,1.16,59,99.61,26.71,0,0.0,0.0,0,0,0.0,35,38.22,6.08,1,13.0,0.06
2024-10,B:<10_S:<10,6,1.625,7,7.89,9.21,0,0.0,0.0,0,0.0,0.0,0,0.0,0.0,0,0.0,0.0,0,0.0,0.0,0,0,0.0,0,0.0,0.0,0,0.0,0.0
2024-10,B:<10_S:<100,8,1.5137499999999995,25,6.81,21.29,0,0.0,0.0,0,0.0,0.0,0,0.0,0.0,0,0.0,0.0,0,0.0,0.0,0,0,0.0,4,8.11,4.05,0,0.0,0.0
2024-10,B:<10_S:<300,1,0.48999999999999844,3,35.75,107.25,0,0.0,0.0,0,0.0,0.0,0,0.0,0.0,0,0.0,0.0,0,0.0,0.0,0,0,0.0,2,53.87,107.74,0,0.0,0.0
2024-10,B:<10k_S:<1,5,6974.902857142857,0,0.0,0.0,1,2000.0,400.0,1,2061.31,412.26,4,2251.69,1801.35,23,446.67,2054.68,0,0.0,0.0,0,0,0.0,2,6000.0,2400.0,7,386.43,541.0
2024-10,B:<10k_S:<100,1,7240.46,1,12.49,12.49,0,0.0,0.0,0,0.0,0.0,0,0.0,0.0,0,0.0,0.0,0,0.0,0.0,0,0,0.0,0,0.0,0.0,0,0.0,0.0
2024-10,B:<10k_S:<1k,1,4483.15,2,276.45,552.9,0,0.0,0.0,0,0.0,0.0,0,0.0,0.0,7,217.14,1520.0,0,0.0,0.0,0,0,0.0,0,0.0,0.0,0,0.0,0.0
2024-10,B:<10k_S:<300,3,4052.4666666666667,16,26.52,141.42,1,1.0,0.33,1,0.99,0.33,5,594.29,990.49,18,130.0,780.0,0,0.0,0.0,0,0,0.0,0,0.0,0.0,0,0.0,0.0
2024-10,B:<10k_S:<500,2,6697.754999999999,22,35.3,388.29,0,0.0,0.0,1,99.5,49.75,0,0.0,0.0,9,1122.22,5050.0,0,0.0,0.0,0,0,0.0,2,656.0,656.0,1,2826.23,1413.12
2024-10,B:<1k_S:<1,9,665.335,0,0.0,0.0,1,120.0,13.33,3,9.81,3.27,0,0.0,0.0,12,253.17,337.56,0,0.0,0.0,0,0,0.0,6,739.22,492.81,0,0.0,0.0
2024-10,B:<1k_S:<300,1,502.21999999999866,1,105.0,105.0,0,0.0,0.0,0,0.0,0.0,2,302.0,604.0,0,0.0,0.0,0,0.0,0.0,0,0,0.0,0,0.0,0.0,0,0.0,0.0
2024-10,B:<1k_S:<500,1,693.74,33,10.83,357.41,1,1.0,1.0,1,0.99,0.99,0,0.0,0.0,0,0.0,0.0,0,0.0,0.0,0,0,0.0,0,0.0,0.0,0,0.0,0.0
2024-10,B:<3k_S:<1,8,1943.1846666666668,0,0.0,0.0,3,133.33,50.0,1,207.15,25.89,2,1122.62,280.65,59,229.45,1692.16,0,0.0,0.0,0,0,0.0,5,1082.42,676.51,0,0.0,0.0
2024-10,B:<3k_S:<100,3,1964.0033333333333,8,16.99,45.31,0,0.0,0.0,0,0.0,0.0,1,2509.63,836.54,17,67.47,382.33,0,0.0,0.0,0,0,0.0,1,50.0,16.67,0,0.0,0.0
2024-10,B:<3k_S:<1k,1,2427.8500000000004,15,42.06,630.93,0,0.0,0.0,0,0.0,0.0,0,0.0,0.0,0,0.0,0.0,0,0.0,0.0,0,0,0.0,0,0.0,0.0,0,0.0,0.0
2024-10,B:<3k_S:>1k,3,1291.6866666666667,16,300.76,1604.04,0,0.0,0.0,0,0.0,0.0,3,1599.0,1599.0,5,548.8,914.67,0,0.0,0.0,0,0,0.0,3,838.39,838.39,0,0.0,0.0
2024-10,B:<500_S:<1,21,190.94305084745764,0,0.0,0.0,2,51.0,4.86,0,0.0,0.0,5,79.0,18.81,24,228.61,261.27,0,0.0,0.0,0,0,0.0,11,130.82,68.53,0,0.0,0.0
2024-10,B:<500_S:<100,1,383.7299999999999,1,40.49,40.49,0,0.0,0.0,0,0.0,0.0,0,0.0,0.0,14,72.65,1017.11,0,0.0,0.0,0,0,0.0,0,0.0,0.0,0,0.0,0.0
2024-10,B:<500_S:<1k,1,367.7099999999999,27,19.41,524.18,7,7.0,49.0,4,12.84,51.36,0,0.0,0.0,0,0.0,0.0,0,0.0,0.0,0,0,0.0,0,0.0,0.0,0,0.0,0.0
2024-10,B:<500_S:<300,1,114.53999999999999,1,190.46,190.46,0,0.0,0.0,0,0.0,0.0,0,0.0,0.0,0,0.0,0.0,0,0.0,0.0,0,0,0.0,0,0.0,0.0,0,0.0,0.0
2024-10,B:<500_S:>1k,2,473.9100000000001,12,412.04,2472.23,0,0.0,0.0,2,1259.01,1259.01,0,0.0,0.0,0,0.0,0.0,0,0.0,0.0,0,0,0.0,2,1593.5,1593.5,0,0.0,0.0
2024-10,B:>10k_S:<1,4,21882.26,0,0.0,0.0,1,1.0,0.25,2,0.99,0.5,5,2555.75,3194.68,14,608.44,2129.54,0,0.0,0.0,0,0,0.0,0,0.0,0.0,0,0.0,0.0
2024-10,B:>10k_S:<10,1,12037.55,1,9.99,9.99,0,0.0,0.0,0,0.0,0.0,0,0.0,0.0,10,717.0,7170.0,0,0.0,0.0,0,0,0.0,0,0.0,0.0,0,0.0,0.0
2024-10,B:>10k_S:<100,1,35092.0,1,20.0,20.0,0,0.0,0.0,0,0.0,0.0,0,0.0,0.0,0,0.0,0.0,0,0.0,0.0,0,0,0.0,0,0.0,0.0,0,0.0,0.0
2024-10,B:>10k_S:<500,1,13282.2,6,64.84,389.06,0,0.0,0.0,0,0.0,0.0,0,0.0,0.0,9,133.89,1205.0,0,0.0,0.0,0,0,0.0,0,0.0,0.0,0,0.0,0.0
2024-10,B:nan_S:<1,28,-4.441911764705905,0,0.0,0.0,13,20.66,9.59,3,39.6,4.24,12,71.58,30.68,63,488.1,1098.22,0,0.0,0.0,0,0,0.0,17,979.99,595.0,4,47.17,6.74
2024-10,B:nan_S:<300,1,-2.6100000000000563,4,59.21,236.82,0,0.0,0.0,0,0.0,0.0,1,50.0,50.0,3,589.78,1769.34,0,0.0,0.0,0,0,0.0,0,0.0,0.0,0,0.0,0.0
2024-10,B:nan_S:<500,1,-3.710000000000491,1,345.0,345.0,6,213.33,1279.99,1,278.89,278.89,1,295.69,295.69,22,293.5,6457.0,0,0.0,0.0,0,0,0.0,0,0.0,0.0,0,0.0,0.0
2024-10,B:nan_S:>1k,1,-7.3900000000001,1,1106.85,1106.85,0,0.0,0.0,0,0.0,0.0,2,558.16,1116.32,4,509.75,2039.0,0,0.0,0.0,0,0,0.0,0,0.0,0.0,0,0.0,0.0
2024-11,B:<100_S:<1,182,31.351546184738954,4,0.56,0.01,41,18.48,4.16,99,15.33,8.34,38,35.87,7.49,7,9.43,0.36,0,0.0,0.0,0,0,0.0,111,40.1,24.46,2,537.5,5.91
2024-11,B:<100_S:<10,15,29.59666666666667,22,4.09,6.0,12,7.14,5.72,20,12.03,16.04,5,41.83,13.94,1,100.0,6.67,0,0.0,0.0,0,0,0.0,13,20.76,17.99,0,0.0,0.0
2024-11,B:<100_S:<100,51,39.63352941176471,190,11.78,43.87,34,21.06,14.04,44,7.74,6.68,9,30.54,5.39,4,608.08,47.69,0,0.0,0.0,0,0,0.0,76,43.11,64.25,3,15.79,0.93
2024-11,B:<100_S:<1k,4,33.05500000000001,24,131.04,786.26,0,0.0,0.0,4,264.57,264.57,2,309.0,154.5,0,0.0,0.0,0,0.0,0.0,0,0,0.0,2,797.5,398.75,0,0.0,0.0
2024-11,B:<100_S:<300,25,32.49720000000001,159,26.26,167.02,2,1.0,0.08,29,45.87,53.21,27,82.75,89.37,3,161.38,19.37,0,0.0,0.0,0,0,0.0,26,69.39,72.17,0,0.0,0.0
2024-11,B:<100_S:<500,7,35.651428571428575,78,36.06,401.8,2,121.0,34.57,11,32.76,51.48,6,190.45,163.24,0,0.0,0.0,0,0.0,0.0,0,0,0.0,9,100.64,129.4,0,0.0,0.0
2024-11,B:<100_S:>1k,3,33.64333333333334,42,107.24,1501.4,3,76.17,76.17,5,26.04,43.41,0,0.0,0.0,0,0.0,0.0,0,0.0,0.0,0,0,0.0,5,642.68,1071.14,0,0.0,0.0
2024-11,B:<10_S:<1,589,0.26620326891818696,5,0.76,0.01,167,18.87,5.35,209,8.66,3.07,34,37.16,2.14,101,160.5,27.52,0,0.0,0.0,0,0,0.0,203,81.33,28.03,28,79.65,3.79
2024-11,B:<10_S:<10,84,1.6011904761904763,128,4.17,6.35,23,8.28,2.27,60,4.85,3.46,9,26.9,2.88,3,41.13,1.47,0,0.0,0.0,0,0,0.0,45,6.12,3.28,0,0.0,0.0
2024-11,B:<10_S:<100,108,2.245648148148148,314,13.18,38.33,56,36.99,19.18,129,19.94,23.81,23,21.25,4.52,9,35.29,2.94,0,0.0,0.0,0,0,0.0,93,22.52,19.39,0,0.0,0.0
2024-11,B:<10_S:<300,40,2.6877500000000003,250,27.19,169.95,10,8.4,2.1,33,17.34,14.31,19,56.12,26.66,2,9.72,0.49,0,0.0,0.0,0,0,0.0,63,71.42,112.49,0,0.0,0.0
2024-11,B:<10_S:<500,7,3.1585714285714284,75,37.46,401.37,2,62.5,17.86,20,65.51,187.18,10,47.85,68.35,2,7.5,2.14,0,0.0,0.0,0,0,0.0,11,63.42,99.65,0,0.0,0.0
2024-11,B:<10k_S:<1,5,6203.801428571429,0,0.0,0.0,0,0.0,0.0,2,1610.32,644.13,0,0.0,0.0,16,27.31,87.4,0,0.0,0.0,0,0,0.0,3,2978.58,1787.15,0,0.0,0.0
2024-11,B:<10k_S:<10,2,5736.92,3,5.55,8.33,2,10.0,10.0,0,0.0,0.0,0,0.0,0.0,0,0.0,0.0,0,0.0,0.0,0,0,0.0,1,1.04,0.52,4,907.22,1814.45
2024-11,B:<10k_S:<100,2,3177.355,4,34.63,69.26,0,0.0,0.0,0,0.0,0.0,0,0.0,0.0,17,101.18,860.0,0,0.0,0.0,0,0,0.0,8,399.5,1598.0,0,0.0,0.0
2024-11,B:<10k_S:<1k,3,6205.2266666666665,31,85.5,883.53,4,1862.25,2483.0,4,1916.94,2555.92,3,836.09,836.09,8,966.12,2576.33,0,0.0,0.0,0,0,0.0,5,948.18,1580.31,1,3234.75,1078.25
2024-11,B:<10k_S:<300,2,5013.700000000001,16,28.08,224.68,0,0.0,0.0,1,1.74,0.87,3,2363.66,3545.48,6,603.93,1811.78,0,0.0,0.0,0,0,0.0,0,0.0,0.0,0,0.0,0.0
2024-11,B:<10k_S:<500,1,8447.96,23,13.15,302.44,0,0.0,0.0,0,0.0,0.0,2,1999.0,3998.0,8,108.12,865.0,0,0.0,0.0,0,0,0.0,1,844.25,844.25,0,0.0,0.0
2024-11,B:<10k_S:>1k,5,5661.62,43,254.8,2191.26,3,968.82,581.29,1,0.99,0.2,5,1653.6,1653.6,27,421.32,2275.14,0,0.0,0.0,0,0,0.0,1,285.0,57.0,0,0.0,0.0
2024-11,B:<1k_S:<1,10,666.6214285714286,0,0.0,0.0,1,200.0,20.0,8,37.33,29.86,7,249.33,174.53,10,219.82,219.82,0,0.0,0.0,0,0,0.0,6,724.3,434.58,0,0.0,0.0
2024-11,B:<1k_S:<10,2,835.3050000000001,5,3.55,8.88,0,0.0,0.0,1,0.26,0.13,0,0.0,0.0,0,0.0,0.0,0,0.0,0.0,0,0,0.0,4,424.15,848.3,0,0.0,0.0
2024-11,B:<1k_S:<100,7,631.2657142857142,22,17.55,55.16,1,10.0,1.43,9,61.59,79.18,7,164.58,164.58,26,45.09,167.47,0,0.0,0.0,0,0,0.0,5,442.23,315.88,0,0.0,0.0
2024-11,B:<1k_S:<1k,4,563.1775,66,42.16,695.6,0,0.0,0.0,2,18.51,9.26,0,0.0,0.0,0,0.0,0.0,0,0.0,0.0,0,0,0.0,9,427.39,961.64,0,0.0,0.0
2024-11,B:<1k_S:<300,6,709.39,23,38.77,148.63,0,0.0,0.0,0,0.0,0.0,6,222.84,222.84,5,186.48,155.4,0,0.0,0.0,0,0,0.0,13,259.72,562.72,0,0.0,0.0
2024-11,B:<1k_S:<500,3,773.1533333333333,30,38.71,387.1,1,10.0,3.33,0,0.0,0.0,4,560.09,746.79,0,0.0,0.0,0,0.0,0.0,0,0,0.0,3,422.13,422.13,0,0.0,0.0
2024-11,B:<1k_S:>1k,3,743.4933333333329,78,48.44,1259.53,5,8.5,14.17,12,13.17,52.68,2,599.0,399.33,0,0.0,0.0,0,0.0,0.0,0,0,0.0,4,518.25,691.0,0,0.0,0.0
2024-11,B:<3k_S:<1,10,1832.1931250000002,0,0.0,0.0,2,1502.5,300.5,5,425.45,212.73,5,1333.27,666.63,42,460.57,1934.38,0,0.0,0.0,0,0,0.0,4,1908.97,763.59,0,0.0,0.0
2024-11,B:<3k_S:<100,3,1735.5466666666664,5,27.98,46.64,0,0.0,0.0,1,5.48,1.83,2,49.7,33.13,14,672.26,3137.23,0,0.0,0.0,0,0,0.0,1,1980.0,660.0,0,0.0,0.0
2024-11,B:<3k_S:<1k,1,2410.28,16,49.05,784.87,0,0.0,0.0,0,0.0,0.0,1,4499.0,4499.0,0,0.0,0.0,0,0.0,0.0,0,0,0.0,0,0.0,0.0,0,0.0,0.0
2024-11,B:<3k_S:<300,3,1355.1566666666668,20,26.52,176.82,0,0.0,0.0,1,1175.48,391.83,0,0.0,0.0,1,1960.0,653.33,0,0.0,0.0,0,0,0.0,5,672.77,1121.29,0,0.0,0.0
2024-11,B:<3k_S:<500,3,1431.8633333333335,47,20.63,323.15,0,0.0,0.0,0,0.0,0.0,2,98.75,65.83,12,225.92,903.67,0,0.0,0.0,0,0,0.0,1,50.0,16.67,0,0.0,0.0
2024-11,B:<3k_S:>1k,5,2027.6179999999997,88,94.15,1656.97,0,0.0,0.0,1,24.0,4.8,38,339.84,2582.78,7,656.0,918.4,0,0.0,0.0,0,0,0.0,13,771.49,2005.87,0,0.0,0.0
2024-11,B:<500_S:<1,60,200.528137254902,2,0.38,0.01,23,34.35,13.17,58,32.69,31.6,35,81.43,47.5,45,85.9,64.42,0,0.0,0.0,0,0,0.0,32,169.56,90.43,0,0.0,0.0
2024-11,B:<500_S:<10,3,180.75666666666666,5,4.07,6.78,1,26.56,8.85,0,0.0,0.0,2,148.12,98.75,0,0.0,0.0,0,0.0,0.0,0,0,0.0,4,73.23,97.65,0,0.0,0.0
2024-11,B:<500_S:<100,24,245.9154166666667,74,16.96,52.29,20,20.26,16.88,29,32.51,39.29,2,105.76,8.81,0,0.0,0.0,0,0.0,0.0,0,0,0.0,37,165.0,254.38,0,0.0,0.0
2024-11,B:<500_S:<1k,9,188.12444444444444,165,36.52,669.61,6,9.33,6.22,56,36.46,226.89,10,160.71,178.57,8,202.0,179.56,0,0.0,0.0,0,0,0.0,11,270.76,330.93,0,0.0,0.0
2024-11,B:<500_S:<300,19,238.45473684210523,130,27.04,185.03,21,37.82,41.8,35,33.5,61.71,25,93.12,122.53,9,52.02,24.64,0,0.0,0.0,0,0,0.0,33,135.17,234.76,0,0.0,0.0
2024-11,B:<500_S:<500,5,344.46799999999996,18,119.94,431.8,0,0.0,0.0,1,19.0,3.8,4,95.15,76.12,2,2.5,1.0,0,0.0,0.0,0,0,0.0,9,430.82,775.47,0,0.0,0.0
2024-11,B:<500_S:>1k,4,371.53250000000014,111,69.94,1940.8,7,8.76,15.33,15,239.95,899.81,10,281.98,704.96,2,210.0,105.0,0,0.0,0.0,0,0,0.0,2,194.24,97.12,0,0.0,0.0
2024-11,B:>10k_S:<1,4,19337.399999999998,0,0.0,0.0,0,0.0,0.0,1,4.98,1.25,0,0.0,0.0,13,418.15,1359.0,0,0.0,0.0,0,0,0.0,1,12281.01,3070.25,0,0.0,0.0
2024-11,B:>10k_S:<500,3,29242.49,26,46.47,402.7,0,0.0,0.0,1,1322.71,440.9,1,2536.69,845.56,0,0.0,0.0,0,0.0,0.0,0,0,0.0,4,4059.72,5412.96,0,0.0,0.0
2024-11,B:nan_S:<1,54,-3.563800000000035,0,0.0,0.0,39,729.54,526.89,20,59.27,21.95,26,87.97,42.36,106,537.2,1054.51,0,0.0,0.0,0,0,0.0,92,831.11,1415.96,12,144.07,32.02
2024-11,B:nan_S:<10,3,-0.18999999999999403,7,2.62,6.11,0,0.0,0.0,0,0.0,0.0,2,111.76,74.51,2,82.82,55.21,0,0.0,0.0,0,0,0.0,11,79.2,290.39,6,143.55,287.11
2024-11,B:nan_S:<100,15,-0.02400000000000106,38,16.12,40.84,18,9.13,10.95,22,8.29,12.15,8,22.51,12.01,7,20.1,9.38,0,0.0,0.0,0,0,0.0,11,36.22,26.56,0,0.0,0.0
2024-11,B:nan_S:<300,4,-1.6624999999999608,13,60.19,195.62,0,0.0,0.0,0,0.0,0.0,0,0.0,0.0,12,566.29,1698.87,0,0.0,0.0,0,0,0.0,9,724.71,1630.6,0,0.0,0.0
2024-11,B:nan_S:<500,3,-0.4366666666666914,7,204.47,477.09,0,0.0,0.0,0,0.0,0.0,1,699.02,233.01,2,155.46,103.64,0,0.0,0.0,0,0,0.0,2,452.43,301.62,0,0.0,0.0
2024-11,B:nan_S:>1k,3,-0.3366666666666731,15,354.56,1772.8,1,9.7,3.23,1,24.74,8.25,8,559.7,1492.54,6,49.87,99.75,0,0.0,0.0,0,0,0.0,3,124.23,124.23,0,0.0,0.0
2024-12,B:<100_S:<1,277,30.803082942097024,2,0.7,0.01,92,42.02,13.96,140,19.6,9.91,62,30.93,6.92,30,265.95,28.8,19,35.42,2.43,0,0,0.0,198,69.65,49.78,1,5.5,0.02
2024-12,B:<100_S:<10,46,40.94978260869566,54,4.84,5.68,19,8.33,3.44,38,8.14,6.73,7,32.44,4.94,3,33.61,2.19,9,29.67,5.8,0,0,0.0,55,18.74,22.41,0,0.0,0.0
2024-12,B:<100_S:<100,105,37.327714285714286,382,13.52,49.18,101,13.55,13.03,170,16.88,27.32,28,46.34,12.36,13,41.46,5.13,10,42.9,4.09,0,0,0.0,168,28.17,45.08,2,4.68,0.09
2024-12,B:<100_S:<1k,17,41.37117647058826,288,38.62,654.25,34,6.77,13.53,92,39.73,215.01,1,16.14,0.95,3,27.68,4.88,7,106.14,43.71,0,0,0.0,29,221.08,377.13,0,0.0,0.0
2024-12,B:<100_S:<300,69,42.64043478260871,643,19.49,181.66,36,21.32,11.12,125,27.34,49.53,98,32.5,46.16,40,33.34,19.33,10,41.0,5.94,0,0,0.0,117,61.86,104.9,0,0.0,0.0
2024-12,B:<100_S:<500,25,37.638799999999996,264,35.44,374.21,19,25.31,19.24,50,28.95,57.9,3,71.15,8.54,42,19.25,32.34,1,20.0,0.8,0,0,0.0,53,137.31,291.1,0,0.0,0.0
2024-12,B:<100_S:>1k,19,44.497368421052634,465,69.12,1691.68,9,137.85,65.3,62,116.11,378.88,36,276.05,523.03,12,257.51,162.64,0,0.0,0.0,0,0,0.0,39,384.22,788.67,0,0.0,0.0
2024-12,B:<10_S:<1,727,0.34474850242464605,15,0.55,0.01,220,25.9,7.84,261,7.38,2.65,86,65.42,7.74,122,207.81,34.87,37,154.22,7.85,0,0,0.0,330,63.9,29.0,16,54.83,1.21
2024-12,B:<10_S:<10,175,2.1822285714285714,279,3.63,5.78,75,6.45,2.76,145,4.57,3.79,17,15.0,1.46,2,57.96,0.66,1,10.0,0.06,0,0,0.0,82,8.65,4.05,0,0.0,0.0
2024-12,B:<10_S:<100,287,2.673972125435541,961,11.28,37.76,71,20.28,5.02,244,12.39,10.53,71,47.96,11.86,24,132.54,11.08,13,21.86,0.99,0,0,0.0,262,31.38,28.65,7,46.86,1.14
2024-12,B:<10_S:<1k,24,3.161250000000006,349,48.8,709.67,8,47.37,15.79,59,57.74,141.94,0,0.0,0.0,0,0.0,0.0,1,100.0,4.17,0,0,0.0,37,297.96,459.35,0,0.0,0.0
2024-12,B:<10_S:<300,101,2.605148514851487,707,24.1,168.73,68,19.76,13.3,200,14.52,28.75,44,55.79,24.3,7,69.24,4.8,4,28.75,1.14,0,0,0.0,140,62.32,86.39,0,0.0,0.0
2024-12,B:<10_S:<500,29,2.7031034482758627,383,28.97,382.63,21,130.25,94.32,86,55.82,165.54,2,247.14,17.04,0,0.0,0.0,0,0.0,0.0,0,0,0.0,52,167.13,299.68,0,0.0,0.0
2024-12,B:<10_S:>1k,22,2.942727272727264,454,82.18,1696.0,20,98.44,89.49,95,63.83,275.61,37,277.72,467.07,35,77.26,122.92,0,0.0,0.0,0,0,0.0,46,385.61,806.28,0,0.0,0.0
2024-12,B:<10k_S:<1,13,6250.278125,0,0.0,0.0,6,1680.0,775.38,0,0.0,0.0,6,3070.8,1417.29,19,585.84,856.23,0,0.0,0.0,0,0,0.0,10,5134.27,3949.44,1,1.0,0.08
2024-12,B:<10k_S:<10,1,4899.02,1,2.92,2.92,0,0.0,0.0,0,0.0,0.0,0,0.0,0.0,2,901.46,1802.91,0,0.0,0.0,0,0,0.0,0,0.0,0.0,0,0.0,0.0
2024-12,B:<10k_S:<100,5,3942.0919999999996,18,13.71,49.35,3,500.0,300.0,8,682.15,1091.45,0,0.0,0.0,14,413.74,1158.46,9,445.56,802.0,0,0,0.0,7,1867.86,2615.0,0,0.0,0.0
2024-12,B:<10k_S:<1k,4,4712.8575,59,52.02,767.34,2,6.0,3.0,6,155.82,233.72,3,1730.1,1297.57,20,294.9,1474.5,7,356.43,623.75,0,0,0.0,1,522.85,130.71,0,0.0,0.0
2024-12,B:<10k_S:<300,1,3708.23,6,26.58,159.46,0,0.0,0.0,0,0.0,0.0,0,0.0,0.0,14,90.0,1260.0,0,0.0,0.0,0,0,0.0,0,0.0,0.0,0,0.0,0.0
2024-12,B:<10k_S:<500,5,6150.584,86,22.9,393.96,1,1000.0,200.0,2,0.73,0.29,7,512.84,717.98,8,689.71,1103.54,0,0.0,0.0,0,0,0.0,2,1772.46,708.98,2,1775.7,710.28
2024-12,B:<10k_S:>1k,7,4786.4571428571435,261,55.64,2074.53,1,4000.0,571.43,1,24.0,3.43,6,3127.8,2680.97,2,162.5,46.43,0,0.0,0.0,0,0,0.0,15,1671.74,3582.29,0,0.0,0.0
2024-12,B:<1k_S:<1,21,681.6475999999999,0,0.0,0.0,8,384.08,146.32,8,349.16,133.01,8,382.36,145.66,5,214.0,50.95,3,400.0,57.14,0,0,0.0,23,444.8,487.16,2,198.58,18.91
2024-12,B:<1k_S:<10,2,734.355,2,4.02,4.02,0,0.0,0.0,1,5.02,2.51,0,0.0,0.0,0,0.0,0.0,1,500.0,250.0,0,0,0.0,4,242.93,485.86,0,0.0,0.0
2024-12,B:<1k_S:<100,7,852.3828571428572,15,23.64,50.67,4,113.98,65.13,2,187.17,53.48,1,225.31,32.19,11,612.39,962.33,0,0.0,0.0,0,0,0.0,17,641.2,1557.19,0,0.0,0.0
2024-12,B:<1k_S:<1k,12,783.9591666666665,242,37.89,764.15,10,84.78,70.65,11,321.76,294.95,3,327.27,81.82,30,239.11,597.76,0,0.0,0.0,0,0,0.0,39,313.71,1019.56,0,0.0,0.0
2024-12,B:<1k_S:<300,8,617.39125,48,38.93,233.59,2,300.0,75.0,13,107.09,174.02,10,229.78,287.23,25,101.22,316.32,0,0.0,0.0,0,0,0.0,12,218.62,327.93,0,0.0,0.0
2024-12,B:<1k_S:<500,7,621.0585714285714,65,38.91,361.32,0,0.0,0.0,3,9.09,3.89,1,999.0,142.71,0,0.0,0.0,3,283.33,121.43,0,0,0.0,5,531.0,379.29,0,0.0,0.0
2024-12,B:<1k_S:>1k,13,704.2615384615384,402,47.62,1472.63,8,104.38,64.23,36,66.8,184.99,0,0.0,0.0,0,0.0,0.0,1,5.0,0.38,0,0,0.0,42,518.69,1675.76,0,0.0,0.0
2024-12,B:<3k_S:<1,24,1634.3725,0,0.0,0.0,5,3255.2,678.17,5,2820.38,587.58,9,859.13,322.18,17,592.67,419.81,0,0.0,0.0,0,0,0.0,23,1134.39,1087.13,0,0.0,0.0
2024-12,B:<3k_S:<10,1,1448.6,1,6.75,6.75,0,0.0,0.0,1,500.33,500.33,0,0.0,0.0,0,0.0,0.0,3,253.33,760.0,0,0,0.0,0,0.0,0.0,0,0.0,0.0
2024-12,B:<3k_S:<100,6,1631.535,16,17.68,47.15,3,1617.33,808.67,3,39.21,19.6,2,515.57,171.86,6,506.0,506.0,6,341.67,341.67,0,0,0.0,3,2283.83,1141.92,0,0.0,0.0
2024-12,B:<3k_S:<1k,4,1430.42,40,68.57,685.74,1,44.08,11.02,4,27.4,27.4,0,0.0,0.0,9,34.44,77.5,0,0.0,0.0,0,0,0.0,10,524.61,1311.53,0,0.0,0.0
2024-12,B:<3k_S:<300,6,1834.0533333333335,22,42.32,155.18,16,71.06,189.5,14,1.27,2.97,5,1548.23,1290.19,44,182.82,1340.66,0,0.0,0.0,0,0,0.0,9,621.33,932.0,0,0.0,0.0
2024-12,B:<3k_S:<500,2,2171.555,7,103.48,362.18,3,72.9,109.34,8,303.73,1214.9,0,0.0,0.0,0,0.0,0.0,2,375.0,375.0,0,0,0.0,2,1053.18,1053.18,0,0.0,0.0
2024-12,B:<3k_S:>1k,14,1685.1914285714286,479,86.5,2959.39,12,385.75,330.64,49,222.55,778.93,17,892.71,1084.0,10,819.43,585.31,6,370.0,158.57,0,0,0.0,56,716.52,2866.08,0,0.0,0.0
2024-12,B:<500_S:<1,84,202.6667175572519,0,0.0,0.0,78,26.41,24.52,23,85.21,23.33,16,78.03,14.86,66,273.37,214.79,2,275.0,6.55,0,0,0.0,136,230.01,372.4,9,57.22,6.13
2024-12,B:<500_S:<10,12,268.31333333333333,16,4.81,6.42,11,203.88,186.89,16,22.26,29.68,1,120.34,10.03,0,0.0,0.0,2,90.0,15.0,0,0,0.0,27,177.61,399.63,0,0.0,0.0
2024-12,B:<500_S:<100,49,229.344693877551,160,15.88,51.87,37,77.17,58.27,49,48.4,48.4,26,182.53,96.85,68,150.15,208.37,18,83.33,30.61,0,0,0.0,75,147.92,226.4,0,0.0,0.0
2024-12,B:<500_S:<1k,32,298.7325,564,41.82,737.02,12,31.95,11.98,86,50.78,136.46,36,362.48,407.79,8,666.12,166.53,8,168.12,42.03,0,0,0.0,86,184.51,495.88,0,0.0,0.0
2024-12,B:<500_S:<300,43,227.07395348837215,450,18.61,194.72,15,23.79,8.3,83,47.83,92.32,9,211.44,44.26,24,222.92,124.42,11,71.82,18.37,0,0,0.0,106,130.79,322.41,0,0.0,0.0
2024-12,B:<500_S:<500,25,228.26760000000002,332,29.3,389.09,5,28.81,5.76,86,37.29,128.29,3,213.37,25.6,0,0.0,0.0,4,78.75,12.6,0,0,0.0,57,147.81,337.01,0,0.0,0.0
2024-12,B:<500_S:>1k,29,278.1331034482759,889,72.07,2209.17,31,11.8,12.61,128,102.9,454.17,45,395.38,613.52,9,264.33,82.03,17,93.54,54.83,0,0,0.0,128,195.82,864.31,0,0.0,0.0
2024-12,B:>10k_S:<1,4,25539.321999999996,0,0.0,0.0,1,1.0,0.25,0,0.0,0.0,4,1189.7,1189.7,15,586.2,2198.24,0,0.0,0.0,0,0,0.0,0,0.0,0.0,0,0.0,0.0
2024-12,B:>10k_S:<100,1,17988.66,4,13.33,53.31,0,0.0,0.0,1,687.23,687.23,0,0.0,0.0,0,0.0,0.0,0,0.0,0.0,0,0,0.0,1,100.0,100.0,0,0.0,0.0
2024-12,B:>10k_S:>1k,2,26212.835,109,96.09,5236.96,0,0.0,0.0,0,0.0,0.0,4,4523.46,9046.92,5,314.4,786.0,0,0.0,0.0,0,0,0.0,2,82.87,82.87,0,0.0,0.0
2024-12,B:nan_S:<1,111,-2.5662234042553296,0,0.0,0.0,121,322.9,351.99,84,212.91,161.12,62,235.69,131.65,185,451.67,752.79,1,110.0,0.99,0,0,0.0,146,512.63,674.27,40,148.66,53.57
2024-12,B:nan_S:<10,11,-0.015454545454551357,17,3.78,5.85,8,22.03,16.02,11,5.52,5.52,6,174.52,95.2,3,340.34,92.82,0,0.0,0.0,0,0,0.0,5,30.1,13.68,0,0.0,0.0
2024-12,B:nan_S:<100,27,-0.3633333333333392,97,14.16,50.88,35,33.78,43.79,35,12.87,16.68,1,41.0,1.52,6,1707.92,379.54,0,0.0,0.0,0,0,0.0,34,219.31,276.17,0,0.0,0.0
2024-12,B:nan_S:<1k,12,-0.35166666666668345,202,40.59,683.33,5,12.66,5.28,34,49.37,139.88,14,95.77,111.73,28,187.61,437.77,15,339.33,424.17,0,0,0.0,13,258.32,279.85,0,0.0,0.0
2024-12,B:nan_S:<300,22,-2.382727272727272,196,20.76,184.96,26,34.67,40.97,67,30.52,92.94,19,70.39,60.79,17,28.06,21.68,1,105.0,4.77,0,0,0.0,31,30.97,43.64,1,49.0,2.23
2024-12,B:nan_S:<500,8,-0.6937499999999795,69,48.14,415.25,7,176.19,154.17,15,112.12,210.22,3,202.67,76.0,8,279.53,279.53,0,0.0,0.0,0,0,0.0,14,86.17,150.8,0,0.0,0.0
2024-12,B:nan_S:>1k,17,-1.2294117647058722,259,201.19,3065.23,2,58.08,6.83,47,57.69,159.51,39,1086.86,2493.39,14,375.69,309.39,0,0.0,0.0,0,0,0.0,32,547.87,1031.28,0,0.0,0.0
2025-01,B:<100_S:<1,375,31.873270911360798,6,0.71,0.01,147,31.21,12.23,154,22.71,9.33,89,32.64,7.75,39,143.52,14.93,82,67.34,14.72,0,0,0.0,245,58.6,38.29,1,2.0,0.01
2025-01,B:<100_S:<10,35,36.099428571428575,44,4.22,5.31,7,32.74,6.55,18,16.81,8.65,11,24.76,7.78,5,21.54,3.08,8,16.88,3.86,0,0,0.0,16,38.99,17.83,0,0.0,0.0
2025-01,B:<100_S:<100,138,38.73456521739131,549,11.62,46.24,94,24.51,16.69,156,23.11,26.12,39,47.06,13.3,8,34.62,2.01,51,82.57,30.51,0,0,0.0,182,24.96,32.92,1,3.0,0.02
2025-01,B:<100_S:<1k,37,50.21405405405407,876,29.48,697.84,17,159.21,73.15,90,37.9,92.19,25,92.21,62.31,8,66.5,14.38,43,144.86,168.35,0,0,0.0,71,199.56,382.95,0,0.0,0.0
2025-01,B:<100_S:<300,89,45.090337078651686,666,22.55,168.76,75,100.75,84.9,170,39.14,74.76,27,65.94,20.0,44,69.67,34.44,61,62.13,42.58,0,0,0.0,144,77.38,125.2,0,0.0,0.0
2025-01,B:<100_S:<500,28,42.49285714285714,385,29.04,399.35,8,31.01,8.86,36,91.17,117.22,9,83.69,26.9,2,179.0,12.79,19,21.84,14.82,0,0,0.0,71,98.09,248.72,0,0.0,0.0
2025-01,B:<100_S:>1k,33,37.1769696969697,936,63.04,1787.91,3,125.0,11.36,83,74.72,187.93,31,433.01,406.77,0,0.0,0.0,18,373.69,203.83,0,0,0.0,66,432.62,865.25,0,0.0,0.0
2025-01,B:<10_S:<1,904,0.4544179370421698,29,0.76,0.02,281,34.25,10.65,271,19.09,5.72,125,50.53,6.99,220,181.44,44.16,161,93.7,16.69,0,0,0.0,435,94.93,45.68,9,71.89,0.72
2025-01,B:<10_S:<10,215,1.9253953488372093,374,3.1,5.38,39,24.99,4.53,85,3.64,1.44,21,14.95,1.46,26,164.31,19.87,32,137.59,20.48,0,0,0.0,83,18.97,7.32,0,0.0,0.0
2025-01,B:<10_S:<100,318,2.3261949685534593,1210,10.09,38.4,102,22.74,7.29,319,12.1,12.14,62,38.42,7.49,74,202.13,47.04,73,184.99,42.47,0,0,0.0,212,42.18,28.12,1,12.0,0.04
2025-01,B:<10_S:<1k,37,3.291891891891883,590,41.93,668.6,2,17.44,0.94,100,40.95,110.66,24,87.84,56.98,14,40.82,15.44,43,122.3,142.13,0,0,0.0,59,126.39,201.53,0,0.0,0.0
2025-01,B:<10_S:<300,127,2.864881889763781,996,21.05,165.1,50,57.71,22.72,190,14.3,21.39,80,48.89,30.8,43,117.05,39.63,51,101.8,40.88,0,0,0.0,154,84.98,103.05,0,0.0,0.0
2025-01,B:<10_S:<500,35,2.1705714285714337,458,30.15,394.57,5,14.06,2.01,42,14.76,17.71,29,91.88,76.13,30,32.83,28.14,32,86.64,79.21,0,0,0.0,38,224.98,244.26,0,0.0,0.0
2025-01,B:<10_S:>1k,24,2.7216666666666876,543,83.37,1886.34,8,163.12,54.38,58,92.06,222.49,29,536.69,648.5,6,80.0,20.0,81,156.03,526.6,0,0,0.0,17,571.41,404.75,0,0.0,0.0
2025-01,B:<10k_S:<1,16,6617.62,0,0.0,0.0,4,255.0,63.75,2,102.73,12.84,5,3675.75,1148.67,28,361.39,632.44,4,288.0,72.0,0,0,0.0,19,2726.45,3237.66,2,375.5,46.94
2025-01,B:<10k_S:<10,1,5380.0,1,10.0,10.0,0,0.0,0.0,0,0.0,0.0,0,0.0,0.0,0,0.0,0.0,0,0.0,0.0,0,0,0.0,1,5000.0,5000.0,0,0.0,0.0
2025-01,B:<10k_S:<100,6,5285.1449999999995,7,38.5,44.92,4,522.03,348.02,2,606.04,202.01,10,1856.03,3093.38,22,338.97,1242.88,0,0.0,0.0,0,0,0.0,7,1867.57,2178.83,0,0.0,0.0
2025-01,B:<10k_S:<1k,7,5557.01,106,47.21,714.96,4,1661.25,949.29,12,562.95,965.05,0,0.0,0.0,8,1064.23,1216.26,21,464.52,1393.57,0,0,0.0,9,2207.99,2838.84,4,896.92,512.53
2025-01,B:<10k_S:<300,6,4349.191666666667,58,16.74,161.78,0,0.0,0.0,2,400.14,133.38,1,1046.54,174.42,35,154.31,900.17,0,0.0,0.0,0,0,0.0,4,1481.13,987.42,3,200.67,100.34
2025-01,B:<10k_S:<500,5,5464.389999999999,45,45.97,413.77,3,14.33,8.6,5,1.8,1.8,5,1369.18,1369.18,9,80.22,144.4,5,500.0,500.0,0,0,0.0,3,4239.33,2543.6,0,0.0,0.0
2025-01,B:<10k_S:>1k,16,5409.98875,589,57.76,2126.36,9,146.67,82.5,23,210.23,302.21,9,1819.42,1023.42,14,699.29,611.88,50,405.3,1266.56,0,0,0.0,12,2342.55,1756.91,0,0.0,0.0
2025-01,B:<1k_S:<1,33,718.1219047619047,0,0.0,0.0,6,217.0,39.45,8,299.76,72.67,14,474.01,201.1,47,211.62,301.39,17,117.06,60.3,0,0,0.0,40,519.74,629.98,0,0.0,0.0
2025-01,B:<1k_S:<10,6,777.5033333333334,10,3.77,6.28,3,4.67,2.33,0,0.0,0.0,1,15.38,2.56,8,992.75,1323.67,0,0.0,0.0,0,0,0.0,11,797.99,1462.99,1,1.1,0.18
2025-01,B:<1k_S:<100,17,700.1082352941177,65,13.03,49.81,1,100.0,5.88,12,88.95,62.79,8,232.34,109.33,19,152.25,170.17,19,178.84,199.88,0,0,0.0,14,456.68,376.09,0,0.0,0.0
2025-01,B:<1k_S:<1k,14,728.9885714285714,382,27.09,739.13,1,100.0,7.14,39,125.08,348.43,0,0.0,0.0,14,109.43,109.43,12,240.17,205.86,0,0,0.0,32,366.31,837.29,0,0.0,0.0
2025-01,B:<1k_S:<300,16,719.83625,71,36.72,162.94,21,108.52,142.43,8,80.01,40.01,7,354.52,155.1,0,0.0,0.0,8,350.0,175.0,0,0,0.0,32,249.97,499.94,0,0.0,0.0
2025-01,B:<1k_S:<500,16,760.950625,220,30.09,413.69,16,288.39,288.39,26,176.18,286.29,5,677.27,211.65,22,232.02,319.03,20,143.95,179.94,0,0,0.0,31,324.9,629.49,0,0.0,0.0
2025-01,B:<1k_S:>1k,30,694.7046666666668,1063,53.29,1888.11,9,253.03,75.91,73,56.71,138.0,32,140.83,150.22,17,129.47,73.37,66,255.85,562.88,0,0,0.0,66,664.51,1461.93,0,0.0,0.0
2025-01,B:<3k_S:<1,32,1552.337619047619,0,0.0,0.0,22,264.91,182.13,15,435.78,204.27,18,633.65,356.43,33,496.3,511.81,9,246.11,69.22,0,0,0.0,31,1414.47,1370.27,3,177.0,16.59
2025-01,B:<3k_S:<10,3,2122.5933333333337,4,2.56,3.41,0,0.0,0.0,3,88.69,88.69,0,0.0,0.0,2,30.0,20.0,9,363.33,1090.0,0,0,0.0,1,2500.0,833.33,0,0.0,0.0
2025-01,B:<3k_S:<100,17,1454.6499999999996,46,12.04,32.57,23,400.96,542.47,27,322.51,512.21,12,351.55,248.15,23,278.44,376.71,11,230.32,149.03,0,0,0.0,31,397.11,724.14,0,0.0,0.0
2025-01,B:<3k_S:<1k,10,1686.0649999999998,143,52.7,753.56,4,749.5,299.8,25,266.12,665.29,2,92.03,18.41,1,8.23,0.82,4,440.0,176.0,0,0,0.0,11,1083.91,1192.3,0,0.0,0.0
2025-01,B:<3k_S:<300,8,1820.1399999999999,63,18.69,147.2,4,987.78,493.89,14,469.47,821.56,3,125.33,47.0,16,446.12,892.25,0,0.0,0.0,0,0,0.0,16,583.73,1167.46,0,0.0,0.0
2025-01,B:<3k_S:<500,1,1127.2999999999986,5,83.82,419.09,0,0.0,0.0,0,0.0,0.0,1,699.0,699.0,0,0.0,0.0,0,0.0,0.0,0,0,0.0,0,0.0,0.0,0,0.0,0.0
2025-01,B:<3k_S:>1k,20,1802.3215000000005,652,86.78,2829.08,1,2000.0,100.0,36,91.25,164.25,10,1098.71,549.35,10,1011.84,505.92,21,452.38,475.0,0,0,0.0,48,1173.62,2816.69,0,0.0,0.0
2025-01,B:<500_S:<1,153,201.0074528301887,2,0.88,0.01,40,69.16,18.08,54,84.81,29.93,60,110.61,43.38,118,176.58,136.19,54,162.34,57.3,0,0,0.0,167,196.05,213.98,13,117.99,10.03
2025-01,B:<500_S:<10,6,221.78,8,4.19,5.59,0,0.0,0.0,0,0.0,0.0,1,6.21,1.03,4,1323.75,882.5,2,155.0,51.67,0,0,0.0,10,610.4,1017.33,0,0.0,0.0
2025-01,B:<500_S:<100,47,212.72999999999996,161,13.27,45.46,5,12.8,1.36,23,22.95,11.23,21,156.14,69.77,10,318.2,67.7,28,97.14,57.87,0,0,0.0,46,198.78,194.55,0,0.0,0.0
2025-01,B:<500_S:<1k,42,256.35285714285715,832,37.01,733.06,31,45.59,33.65,94,27.74,62.09,18,173.21,74.23,11,116.56,30.53,49,171.42,199.99,0,0,0.0,120,199.36,569.6,0,0.0,0.0
2025-01,B:<500_S:<300,45,240.42955555555557,306,25.69,174.72,24,24.63,13.14,56,37.63,46.83,23,125.34,64.06,7,628.7,97.8,16,139.69,49.67,0,0,0.0,50,248.14,275.71,0,0.0,0.0
2025-01,B:<500_S:<500,32,272.4809375,399,30.69,382.68,10,155.83,48.7,57,41.49,73.9,8,296.52,74.13,1,300.0,9.38,10,160.5,50.16,0,0,0.0,58,208.16,377.29,0,0.0,0.0
2025-01,B:<500_S:>1k,53,271.6975471698113,1583,74.35,2220.77,61,43.19,49.71,157,43.68,129.39,124,553.79,1295.65,96,237.69,430.53,54,239.69,244.22,0,0,0.0,169,260.07,829.26,3,5.67,0.32
2025-01,B:>10k_S:<1,4,23365.676,0,0.0,0.0,3,2294.67,1721.0,3,2262.67,1697.0,2,3554.27,1777.14,14,243.79,853.25,0,0.0,0.0,0,0,0.0,4,2550.0,2550.0,1,21.0,5.25
2025-01,B:>10k_S:<100,2,23296.925000000003,3,22.0,33.0,0,0.0,0.0,0,0.0,0.0,0,0.0,0.0,1,2000.0,1000.0,0,0.0,0.0,0,0,0.0,3,4357.02,6535.52,0,0.0,0.0
2025-01,B:>10k_S:<300,1,40997.28,1,109.0,109.0,0,0.0,0.0,0,0.0,0.0,0,0.0,0.0,6,836.67,5020.0,0,0.0,0.0,0,0,0.0,0,0.0,0.0,0,0.0,0.0
2025-01,B:>10k_S:<500,2,12761.26,4,190.99,381.98,0,0.0,0.0,0,0.0,0.0,0,0.0,0.0,1,137.0,68.5,0,0.0,0.0,0,0,0.0,2,4142.5,4142.5,0,0.0,0.0
2025-01,B:>10k_S:>1k,3,18290.75333333333,113,93.94,3538.48,0,0.0,0.0,6,582.97,1165.94,2,2248.5,1499.0,9,211.11,633.33,0,0.0,0.0,0,0,0.0,8,2193.25,5848.66,0,0.0,0.0
2025-01,B:nan_S:<1,208,-1.7889204545454627,3,0.5,0.01,113,238.92,129.8,60,263.69,76.06,24,301.84,34.83,154,527.56,390.59,38,293.95,53.7,0,0,0.0,112,594.28,320.0,27,351.41,45.62
2025-01,B:nan_S:<10,23,-0.1956521739130455,43,3.14,5.88,12,11.14,5.81,12,1.72,0.9,0,0.0,0.0,2,139.84,12.16,0,0.0,0.0,0,0,0.0,16,54.29,37.77,0,0.0,0.0
2025-01,B:nan_S:<100,56,-0.5576785714285611,232,11.36,47.06,34,12.12,7.36,62,6.32,6.99,21,60.84,22.82,35,341.48,213.42,23,70.37,28.9,0,0,0.0,35,123.68,77.3,5,24.5,2.19
2025-01,B:nan_S:<1k,14,-0.8899999999999766,246,44.27,777.89,29,72.34,149.84,39,47.29,131.74,12,11.15,9.56,6,18.75,8.04,32,105.37,240.84,0,0,0.0,28,279.35,558.7,0,0.0,0.0
2025-01,B:nan_S:<300,34,-0.4252941176470601,296,21.29,185.36,21,97.94,60.49,59,40.38,70.07,26,33.17,25.37,60,279.44,493.14,33,266.52,258.68,0,0,0.0,52,142.73,218.3,0,0.0,0.0
2025-01,B:nan_S:<500,13,-0.4876923076922947,143,36.07,396.77,13,34.16,34.16,23,55.1,97.48,0,0.0,0.0,2,216.5,33.31,12,131.25,121.15,0,0,0.0,34,61.97,162.06,0,0.0,0.0
2025-01,B:nan_S:>1k,18,-1.040555555555533,440,87.43,2137.1,8,2.17,0.96,51,18.71,53.0,32,391.81,696.55,35,174.52,339.35,8,131.25,58.33,0,0,0.0,100,262.04,1455.8,0,0.0,0.0
2025-02,B:<100_S:<1,838,32.127664936990364,4,0.97,0.0,197,42.32,9.95,246,26.41,7.75,394,30.28,14.24,90,109.51,11.76,114,57.32,7.8,0,0,0.0,610,53.78,39.15,23,66.07,1.81
2025-02,B:<100_S:<10,60,37.18966666666666,79,4.47,5.89,21,183.3,64.16,41,28.21,19.27,37,28.61,17.64,3,27.0,1.35,3,40.0,2.0,0,0,0.0,47,105.53,82.66,2,3.64,0.12
2025-02,B:<100_S:<100,210,39.131523809523806,748,11.79,42.0,77,29.97,10.99,183,9.98,8.7,163,48.35,37.53,121,73.67,42.45,97,62.42,28.83,0,0,0.0,205,44.36,43.3,3,12.04,0.17
2025-02,B:<100_S:<1k,32,56.39156249999998,480,49.25,738.74,11,30.25,10.4,45,32.54,45.76,51,258.3,411.66,20,107.66,67.29,3,316.67,29.69,0,0,0.0,68,263.2,559.3,1,300.0,9.38
2025-02,B:<100_S:<300,113,45.61106194690266,856,23.17,175.49,50,101.08,44.73,125,41.4,45.8,132,83.35,97.37,48,89.28,37.92,49,89.28,38.71,0,0,0.0,176,95.88,149.34,5,447.23,19.79
2025-02,B:<100_S:<500,34,49.90941176470591,473,28.44,395.66,45,127.1,168.22,74,83.08,180.81,38,171.71,191.91,22,312.21,202.02,5,207.6,30.53,0,0,0.0,86,166.95,422.28,4,513.0,60.35
2025-02,B:<100_S:>1k,33,48.11575757575754,907,62.81,1726.24,31,61.87,58.12,69,79.79,166.83,70,246.83,523.58,36,451.54,492.59,15,275.33,125.15,0,0,0.0,99,318.59,955.77,8,168.91,40.95
2025-02,B:<10_S:<1,1877,0.712587000749545,63,0.53,0.02,698,28.98,10.78,574,15.86,4.85,442,32.94,7.76,627,223.54,74.67,359,213.67,40.87,0,0,0.0,1243,96.38,63.82,90,143.52,6.88
2025-02,B:<10_S:<10,274,2.081642335766423,450,3.26,5.35,78,14.85,4.23,127,6.31,2.93,49,13.86,2.48,30,141.0,15.44,33,138.33,16.66,0,0,0.0,123,46.27,20.77,6,172.58,3.78
2025-02,B:<10_S:<100,390,2.1321538461538476,1339,11.58,39.77,113,21.84,6.33,323,7.3,6.05,185,42.51,20.16,57,78.97,11.54,118,66.1,20.0,0,0,0.0,294,40.02,30.17,11,231.32,6.52
2025-02,B:<10_S:<1k,34,4.2170588235294115,446,52.06,682.92,18,209.96,111.16,64,62.26,117.2,52,167.13,255.61,11,168.61,54.55,15,113.96,50.28,0,0,0.0,40,302.0,355.29,0,0.0,0.0
2025-02,B:<10_S:<300,148,2.6474999999999995,911,25.74,158.46,63,51.1,21.75,200,19.17,25.91,115,70.06,54.44,37,144.32,36.08,32,95.71,20.69,0,0,0.0,155,115.87,121.35,7,132.78,6.28
2025-02,B:<10_S:<500,36,2.6950000000000056,269,52.7,393.76,19,3.47,1.83,61,26.8,45.4,30,121.34,101.12,12,578.16,192.72,10,56.22,15.62,0,0,0.0,49,264.48,359.99,0,0.0,0.0
2025-02,B:<10_S:>1k,24,3.976249999999991,470,95.34,1867.11,9,691.31,259.24,70,130.44,380.46,38,490.76,777.04,53,163.89,361.92,13,194.92,105.58,0,0,0.0,40,491.42,819.03,4,249.99,41.66
2025-02,B:<10k_S:<1,27,6128.817333333333,0,0.0,0.0,12,795.58,353.59,26,143.36,138.05,18,1176.72,784.48,29,686.68,737.54,6,200.33,44.52,0,0,0.0,42,1700.36,2645.01,6,184.17,40.93
2025-02,B:<10k_S:<10,4,6101.219999999999,5,4.49,5.61,0,0.0,0.0,3,6.51,4.88,0,0.0,0.0,29,383.4,2779.68,2,500.0,250.0,0,0,0.0,8,1949.58,3899.16,0,0.0,0.0
2025-02,B:<10k_S:<100,10,5200.115,25,22.46,56.16,3,1750.0,525.0,7,164.03,114.82,10,524.74,524.74,20,863.94,1727.89,0,0.0,0.0,0,0,0.0,7,2021.63,1415.14,3,1974.18,592.25
2025-02,B:<10k_S:<1k,11,4563.01090909091,187,46.05,782.78,2,3.0,0.55,11,5.21,5.21,13,774.95,915.85,27,138.36,339.6,2,455.0,82.73,0,0,0.0,20,1156.46,2102.66,1,6.0,0.55
2025-02,B:<10k_S:<300,11,4698.623636363637,48,42.71,186.39,2,205.0,37.27,7,61.04,38.85,7,1508.45,959.92,30,299.48,816.75,6,350.0,190.91,0,0,0.0,21,681.79,1301.6,2,6.75,1.23
2025-02,B:<10k_S:<500,6,6104.589999999999,35,63.04,367.75,4,377.5,251.67,2,698.86,232.95,10,1271.46,2119.1,0,0.0,0.0,4,266.75,177.83,0,0,0.0,2,2497.5,832.5,2,3.0,1.0
2025-02,B:<10k_S:>1k,15,5981.289999999999,379,84.51,2135.3,12,216.67,173.33,42,14.61,40.91,9,924.74,554.85,4,121.0,32.27,18,451.39,541.67,0,0,0.0,17,2201.3,2494.8,2,785.64,104.75
2025-02,B:<1k_S:<1,66,704.1624358974359,2,0.95,0.03,7,53.13,5.64,29,42.71,18.76,43,182.38,118.82,80,317.09,384.35,28,265.64,112.7,0,0,0.0,85,551.79,710.63,11,154.35,25.73
2025-02,B:<1k_S:<10,1,734.3499999999999,1,8.0,8.0,0,0.0,0.0,2,0.18,0.35,0,0.0,0.0,0,0.0,0.0,5,220.2,1101.0,0,0,0.0,0,0.0,0.0,1,301.0,301.0
2025-02,B:<1k_S:<100,14,776.3842857142856,43,16.45,50.53,7,11.31,5.65,10,4.33,3.09,2,108.25,15.46,7,73.25,36.63,2,260.0,37.14,0,0,0.0,28,265.67,531.35,0,0.0,0.0
2025-02,B:<1k_S:<1k,22,786.9236363636363,306,51.97,722.82,7,43.87,13.96,48,19.46,42.47,58,239.21,630.64,42,394.22,752.61,9,380.08,155.49,0,0,0.0,55,469.86,1174.64,3,228.23,31.12
2025-02,B:<1k_S:<300,18,661.11,100,30.88,171.58,22,61.29,74.91,18,1.05,1.05,24,198.3,264.39,13,113.0,81.61,8,256.25,113.89,0,0,0.0,20,400.97,445.52,0,0.0,0.0
2025-02,B:<1k_S:<500,14,703.3764285714285,119,45.94,390.47,6,255.0,109.29,28,64.46,128.91,16,193.35,220.97,3,8.33,1.79,2,65.0,9.29,0,0,0.0,32,296.16,676.93,0,0.0,0.0
2025-02,B:<1k_S:>1k,19,643.6584210526316,548,77.66,2239.95,0,0.0,0.0,33,22.96,39.88,12,1260.61,796.18,2,657.82,69.24,7,402.86,148.42,0,0,0.0,79,401.12,1667.83,2,6.0,0.63
2025-02,B:<3k_S:<1,62,1624.4942465753425,1,0.02,0.0,22,223.46,79.29,44,73.36,52.06,48,493.54,382.1,97,216.56,338.81,41,345.98,228.79,0,0,0.0,87,692.25,971.39,5,285.93,23.06
2025-02,B:<3k_S:<10,3,1788.0533333333333,3,4.04,4.04,3,41.67,41.67,3,164.46,164.46,8,104.79,279.44,10,115.0,383.33,0,0.0,0.0,0,0,0.0,0,0.0,0.0,0,0.0,0.0
2025-02,B:<3k_S:<100,19,1652.9063157894736,56,16.66,49.11,1,100.0,5.26,11,1.95,1.13,19,294.48,294.48,26,440.71,603.08,2,202.5,21.32,0,0,0.0,41,715.74,1544.5,5,403.2,106.11
2025-02,B:<3k_S:<1k,18,1642.5094444444444,333,39.37,728.44,7,155.9,60.63,25,49.69,69.01,7,96.21,37.42,22,323.82,395.77,17,232.94,220.0,0,0,0.0,30,858.0,1430.0,5,129.91,36.09
2025-02,B:<3k_S:<300,14,1879.3785714285714,43,54.51,167.42,0,0.0,0.0,6,216.84,92.93,11,716.53,562.99,0,0.0,0.0,1,220.0,15.71,0,0,0.0,14,814.68,814.68,0,0.0,0.0
2025-02,B:<3k_S:<500,15,1766.6373333333336,211,27.48,386.58,12,145.05,116.04,10,30.13,20.09,6,744.26,297.7,49,108.0,352.79,8,431.25,230.0,0,0,0.0,26,746.42,1293.79,1,61.0,4.07
2025-02,B:<3k_S:>1k,26,1584.8900000000003,665,84.82,2169.37,6,900.0,207.69,31,14.65,17.47,41,803.46,1266.99,11,759.18,321.19,14,249.0,134.08,0,0,0.0,32,1094.8,1347.45,1,1000.0,38.46
2025-02,B:<500_S:<1,274,224.2164705882353,0,0.0,0.0,66,93.49,22.52,127,50.58,23.44,169,165.84,102.29,86,483.22,151.67,86,191.37,60.07,0,0,0.0,284,187.76,194.62,7,465.05,11.88
2025-02,B:<500_S:<10,25,195.42239999999998,40,3.69,5.91,67,22.35,59.89,58,25.63,59.46,14,54.93,30.76,23,79.25,72.91,5,149.2,29.84,0,0,0.0,35,146.48,205.07,3,197.11,23.65
2025-02,B:<500_S:<100,80,214.782375,241,15.73,47.38,17,29.12,6.19,39,21.99,10.72,55,111.56,76.7,17,284.21,60.39,11,81.36,11.19,0,0,0.0,116,120.54,174.78,12,56.73,8.51
2025-02,B:<500_S:<1k,34,251.9932352941176,708,35.8,745.42,4,50.0,5.88,59,9.12,15.82,28,228.41,188.1,8,838.4,197.27,6,234.17,41.32,0,0,0.0,76,292.94,654.82,0,0.0,0.0
2025-02,B:<500_S:<300,90,225.58499999999998,682,23.73,179.84,55,46.16,28.21,110,35.36,43.22,58,107.73,69.43,40,274.85,122.16,34,191.64,72.4,0,0,0.0,164,156.6,285.36,2,6.5,0.14
2025-02,B:<500_S:<500,35,274.34571428571434,559,24.99,399.14,27,24.63,19.0,48,45.42,62.29,67,135.07,258.57,59,82.41,138.92,25,161.48,115.34,0,0,0.0,93,182.23,484.21,2,718.0,41.03
2025-02,B:<500_S:>1k,43,271.7016279069767,1170,70.46,1917.07,33,215.14,165.11,75,67.46,117.67,78,377.38,684.55,55,435.82,557.44,7,224.29,36.51,0,0,0.0,106,614.43,1514.64,3,48.67,3.4
2025-02,B:>10k_S:<1,8,21153.998888888887,0,0.0,0.0,21,100.0,262.5,6,8.22,6.17,20,2349.05,5872.62,11,1382.39,1900.79,0,0.0,0.0,0,0,0.0,0,0.0,0.0,3,670.33,251.38
2025-02,B:>10k_S:<100,1,40420.44,6,7.52,45.13,0,0.0,0.0,0,0.0,0.0,3,12291.45,36874.34,0,0.0,0.0,0,0.0,0.0,0,0,0.0,0,0.0,0.0,1,2001.0,2001.0
2025-02,B:>10k_S:<1k,2,18523.77,72,26.46,952.58,0,0.0,0.0,7,11.58,40.52,3,682.67,1024.0,1,6003.0,3001.5,0,0.0,0.0,0,0,0.0,13,1003.77,6524.52,0,0.0,0.0
2025-02,B:>10k_S:<300,2,19672.59,3,74.37,111.55,1,30.0,15.0,0,0.0,0.0,0,0.0,0.0,12,330.42,1982.5,0,0.0,0.0,0,0,0.0,1,5500.0,2750.0,0,0.0,0.0
2025-02,B:>10k_S:>1k,4,17260.02,99,149.39,3697.3,0,0.0,0.0,5,21.28,26.6,8,5244.03,10488.06,10,817.1,2042.75,0,0.0,0.0,0,0,0.0,0,0.0,0.0,0,0.0,0.0
2025-02,B:nan_S:<1,303,-2.152802547770712,6,0.86,0.02,258,111.32,94.79,177,26.89,15.71,141,118.85,55.31,349,348.46,401.36,73,244.29,58.86,0,0,0.0,252,411.66,342.37,36,198.85,23.63
2025-02,B:nan_S:<10,42,-0.41976190476189407,69,3.07,5.05,18,21.68,9.29,23,49.87,27.31,35,122.28,101.9,31,325.27,240.08,2,6.0,0.29,0,0,0.0,35,134.97,112.47,12,132.07,37.74
2025-02,B:nan_S:<100,87,-1.3039080459770183,305,12.25,42.95,96,174.71,192.79,142,69.85,114.01,85,72.48,70.81,117,264.35,355.5,33,392.73,148.97,0,0,0.0,75,98.43,84.85,4,74.89,3.44
2025-02,B:nan_S:<1k,23,-3.0430434782608473,369,45.11,723.78,15,155.51,101.42,39,36.05,61.13,28,252.79,307.75,26,190.99,215.9,8,294.0,102.26,0,0,0.0,37,266.2,428.23,5,170.85,37.14
2025-02,B:nan_S:<300,52,-1.7619230769230834,347,27.0,180.15,47,785.75,710.2,83,366.31,584.68,34,234.6,153.39,31,226.96,135.3,19,178.63,65.27,0,0,0.0,95,93.83,171.42,2,2180.64,83.87
2025-02,B:nan_S:<500,12,-1.2699999999999607,88,55.16,404.52,4,40.61,13.54,9,3.23,2.43,3,907.79,226.95,2,1094.66,182.44,4,183.32,61.11,0,0,0.0,10,361.91,301.59,0,0.0,0.0
2025-02,B:nan_S:>1k,22,-3.695909090909117,326,113.8,1686.34,19,154.64,133.55,49,23.34,51.98,14,616.24,392.15,10,396.52,180.24,17,145.97,112.8,0,0,0.0,28,477.02,607.11,0,0.0,0.0
2025-03,B:<100_S:<1,837,33.66877182407623,8,0.69,0.01,270,42.35,13.66,357,11.24,4.79,371,49.93,22.13,165,223.91,44.14,111,56.75,7.53,0,0,0.0,687,87.95,72.19,39,72.48,3.38
2025-03,B:<100_S:<10,92,30.856414836376466,127,4.11,5.67,19,24.28,5.01,54,16.7,9.8,37,23.14,9.3,31,95.16,32.06,24,54.12,14.12,0,0,0.0,57,21.03,13.03,1,11.0,0.12
2025-03,B:<100_S:<100,325,39.559015384615385,1219,12.24,45.9,156,61.89,29.71,230,27.9,19.74,175,64.95,34.97,104,127.02,40.65,74,72.17,16.43,0,0,0.0,426,67.54,88.53,9,323.48,8.96
2025-03,B:<100_S:<1k,43,42.90581395348837,820,39.13,746.17,9,25.54,5.35,76,38.25,67.61,26,365.98,221.29,83,139.57,269.41,10,149.5,34.77,0,0,0.0,132,204.46,627.63,1,13.0,0.3
2025-03,B:<100_S:<300,151,42.73192052980133,1388,18.68,171.68,83,30.38,16.7,167,26.77,29.61,137,78.55,71.27,35,98.86,22.92,42,84.21,23.42,0,0,0.0,292,77.06,149.02,20,49.22,6.52
2025-03,B:<100_S:<500,47,43.25744680851063,635,28.35,383.01,6,9.01,1.15,40,27.54,23.44,27,122.53,70.39,14,106.92,31.85,17,102.29,37.0,0,0,0.0,127,104.77,283.11,5,201.4,21.43
2025-03,B:<100_S:>1k,40,42.708749999999974,1067,82.87,2210.52,8,222.05,44.41,60,40.65,60.97,177,318.04,1407.34,68,94.21,160.16,11,275.24,75.69,0,0,0.0,59,488.29,720.23,3,581.67,43.62
2025-03,B:<10_S:<1,2048,0.8943055310644803,72,0.42,0.01,559,63.3,17.28,705,10.66,3.67,441,58.52,12.6,856,269.05,112.45,322,162.68,25.58,0,0,0.0,2945,88.18,126.8,176,115.07,9.89
2025-03,B:<10_S:<10,361,2.092216066481994,569,3.44,5.42,50,70.11,9.71,155,13.68,5.88,89,17.22,4.24,73,104.07,21.04,47,75.94,9.89,0,0,0.0,205,43.97,24.97,16,53.65,2.38
2025-03,B:<10_S:<100,499,2.5275175399888985,1815,10.25,37.27,114,20.84,4.76,298,8.38,5.0,237,29.41,13.97,157,137.34,43.21,84,85.91,14.46,0,0,0.0,543,64.91,70.63,41,80.53,6.62
2025-03,B:<10_S:<1k,50,2.696800000000004,820,43.15,707.69,11,39.12,8.61,68,25.03,34.05,35,107.69,75.38,2,43.8,1.75,8,154.75,24.76,0,0,0.0,149,219.28,653.45,3,174.94,10.5
2025-03,B:<10_S:<300,177,2.906214689265541,1256,24.23,171.94,69,21.34,8.32,201,13.63,15.48,146,69.13,57.02,62,201.23,70.49,58,63.83,20.92,0,0,0.0,213,139.76,168.18,3,155.67,2.64
2025-03,B:<10_S:<500,61,2.937667183744984,521,45.44,388.13,5,92.39,7.57,59,19.55,18.91,31,141.29,71.8,13,85.51,18.22,6,142.33,14.0,0,0,0.0,115,177.46,334.56,2,60.0,1.97
2025-03,B:<10_S:>1k,34,3.959776373083158,446,141.26,1853.05,1,40.0,1.18,38,51.49,57.54,73,305.54,656.01,14,180.71,74.41,4,392.5,46.18,0,0,0.0,62,488.2,890.24,0,0.0,0.0
2025-03,B:<10k_S:<1,42,5417.843617021276,1,0.65,0.02,9,381.46,81.74,53,82.98,104.71,49,1072.86,1251.67,53,823.59,1039.29,4,500.0,47.62,0,0,0.0,47,2286.56,2558.77,4,578.5,55.1
2025-03,B:<10k_S:<10,2,7744.094999999999,2,6.45,6.45,0,0.0,0.0,4,4.14,8.27,1,8500.0,4250.0,0,0.0,0.0,0,0.0,0.0,0,0,0.0,0,0.0,0.0,0,0.0,0.0
2025-03,B:<10k_S:<100,7,4697.118571428572,14,22.77,45.53,0,0.0,0.0,5,5.76,4.11,0,0.0,0.0,40,194.9,1113.74,0,0.0,0.0,0,0,0.0,10,474.7,678.14,1,1001.0,143.0
2025-03,B:<10k_S:<1k,12,4440.0441666666675,231,37.3,718.06,5,79.0,32.92,22,19.92,36.51,6,750.17,375.08,10,425.32,354.43,5,366.0,152.5,0,0,0.0,15,1202.72,1503.4,0,0.0,0.0
2025-03,B:<10k_S:<300,16,4849.404375,94,36.42,213.99,1,1.0,0.06,16,3.2,3.2,22,1017.2,1398.64,34,726.8,1544.44,4,307.5,76.88,0,0,0.0,20,1767.99,2209.99,5,553.97,173.12
2025-03,B:<10k_S:<500,3,4760.886666666666,24,44.47,355.74,4,1425.0,1900.0,2,3.36,2.24,0,0.0,0.0,9,159.22,477.67,0,0.0,0.0,0,0,0.0,6,1362.25,2724.49,2,674.75,449.83
2025-03,B:<10k_S:>1k,30,5444.654000000001,791,114.82,3027.36,20,737.15,491.43,53,220.27,389.15,40,1392.13,1856.17,35,403.86,471.17,15,378.52,189.26,0,0,0.0,43,1695.26,2429.87,7,1284.93,299.82
2025-03,B:<1k_S:<1,96,699.4849122807018,1,1.0,0.01,31,72.51,23.42,62,25.62,16.54,85,303.34,268.58,130,285.31,386.36,35,224.98,82.03,0,0,0.0,139,433.08,627.06,8,705.95,58.83
2025-03,B:<1k_S:<10,9,753.4211111111111,10,5.67,6.3,7,64.29,50.0,1,1.0,0.11,3,616.33,205.44,5,29.84,16.58,5,137.4,76.33,0,0,0.0,6,384.65,256.43,0,0.0,0.0
2025-03,B:<1k_S:<100,24,712.9583333333334,100,13.61,56.69,36,94.72,142.08,32,28.99,38.65,14,573.25,334.4,19,158.06,125.13,9,286.11,107.29,0,0,0.0,34,265.9,376.7,0,0.0,0.0
2025-03,B:<1k_S:<1k,39,717.7120387321663,648,43.76,727.06,6,201.99,31.08,35,6.58,5.9,19,588.28,286.6,59,272.73,412.59,17,312.29,136.13,0,0,0.0,77,607.15,1198.72,2,501.0,25.69
2025-03,B:<1k_S:<300,26,715.6415384615385,147,33.49,189.34,2,30.75,2.37,15,67.18,38.76,22,213.89,180.98,26,426.6,426.6,6,143.33,33.08,0,0,0.0,47,580.46,1049.3,2,55.51,4.27
2025-03,B:<1k_S:<500,20,707.9399999999998,149,52.16,388.58,2,40.0,4.0,18,15.31,13.78,7,156.13,54.64,8,51.62,20.65,11,123.73,68.05,0,0,0.0,34,389.79,662.65,1,551.0,27.55
2025-03,B:<1k_S:>1k,46,710.3408367534392,1525,58.6,1942.76,18,150.72,58.98,92,29.42,58.84,50,481.65,523.53,17,433.49,160.2,28,229.24,139.53,0,0,0.0,126,550.19,1507.04,2,111.0,4.83
2025-03,B:<3k_S:<1,87,1665.3822,0,0.0,0.0,17,432.12,84.44,100,48.78,56.07,46,590.83,312.39,73,698.88,586.42,55,373.42,236.07,0,0,0.0,92,883.75,934.54,8,401.25,36.9
2025-03,B:<3k_S:<10,7,1287.0371428571427,9,4.63,5.96,4,18.5,10.57,11,7.3,11.48,1,199.0,28.43,27,175.26,675.99,6,156.74,134.35,0,0,0.0,8,950.87,1086.7,0,0.0,0.0
2025-03,B:<3k_S:<100,27,1551.2551851851852,75,14.03,38.98,5,316.4,58.59,34,82.87,104.35,35,390.01,505.57,16,239.52,141.94,7,276.43,71.67,0,0,0.0,23,976.84,832.13,6,2004.0,445.33
2025-03,B:<3k_S:<1k,17,1752.9405882352942,359,36.34,767.39,0,0.0,0.0,36,29.06,61.55,12,384.16,271.17,30,84.64,149.36,9,433.33,229.41,0,0,0.0,32,548.49,1032.45,2,86.0,10.12
2025-03,B:<3k_S:<300,30,1620.1538763458586,200,31.41,209.39,13,212.13,91.92,42,28.66,40.12,44,340.7,499.69,21,263.14,184.2,26,311.69,270.13,0,0,0.0,33,518.25,570.08,4,133.44,17.79
2025-03,B:<3k_S:<500,11,1649.3213623092486,145,30.07,396.41,12,64.52,70.39,7,72.17,45.92,12,194.84,212.55,14,458.94,584.1,1,110.02,10.0,0,0,0.0,17,1218.7,1883.44,3,1414.92,385.89
2025-03,B:<3k_S:>1k,62,1734.202565925958,1719,98.14,2721.05,23,188.83,70.05,90,11.23,16.31,186,582.01,1746.03,108,368.73,642.31,19,253.87,77.8,0,0,0.0,176,801.77,2275.99,2,16.45,0.53
2025-03,B:<500_S:<1,299,226.4229716981132,5,0.64,0.01,66,65.85,14.54,196,20.27,13.29,145,131.44,63.74,165,236.67,130.61,69,158.29,36.53,0,0,0.0,342,237.78,271.98,35,367.97,43.07
2025-03,B:<500_S:<10,37,217.38567567567566,45,5.27,6.41,18,11.22,5.46,23,9.95,6.19,12,72.2,23.42,1,50.0,1.35,13,129.27,45.42,0,0,0.0,26,89.52,62.91,2,31.0,1.68
2025-03,B:<500_S:<100,112,206.1355357142857,351,15.54,48.69,55,15.64,7.68,90,11.13,8.94,65,85.12,49.4,34,222.86,67.65,37,122.68,40.53,0,0,0.0,156,183.96,256.23,23,98.83,20.29
2025-03,B:<500_S:<1k,63,229.554475175447,1217,36.92,713.21,14,326.33,72.52,98,83.84,130.41,67,152.48,162.16,27,97.67,41.86,33,137.36,71.95,0,0,0.0,185,244.66,718.45,9,348.53,49.79
2025-03,B:<500_S:<300,101,227.80485148514853,691,26.79,183.27,35,117.3,40.65,90,20.4,18.18,75,124.97,92.8,28,380.95,105.61,27,152.05,40.65,0,0,0.0,219,138.79,300.95,4,189.5,7.5
2025-03,B:<500_S:<500,64,231.99578125,890,28.88,401.59,21,85.37,28.01,62,8.79,8.52,85,119.37,158.54,30,768.97,360.45,21,147.86,48.52,0,0,0.0,157,295.52,724.96,2,241.5,7.55
2025-03,B:<500_S:>1k,55,270.91912569117807,1779,56.38,1823.63,59,171.05,183.49,98,77.17,137.49,112,370.03,753.52,19,447.94,154.74,13,313.46,74.09,0,0,0.0,206,391.16,1465.09,1,2509.87,45.63
2025-03,B:>10k_S:<1,11,19417.661666666667,0,0.0,0.0,28,32.7,83.25,13,1015.58,1200.23,9,2345.45,1919.0,9,476.37,389.75,0,0.0,0.0,0,0,0.0,8,3925.25,2854.72,5,1016.4,462.0
2025-03,B:>10k_S:<100,4,20278.0225,9,16.32,36.72,4,64.38,64.38,8,41.5,82.99,1,4892.17,1223.04,24,379.79,2278.75,0,0.0,0.0,0,0,0.0,2,4967.0,2483.5,0,0.0,0.0
2025-03,B:>10k_S:<1k,5,12413.369999999999,59,63.16,745.24,1,5000.0,1000.0,15,339.16,1017.49,1,1199.0,239.8,5,1215.28,1215.28,0,0.0,0.0,0,0,0.0,8,4074.76,6519.62,1,296.26,59.25
2025-03,B:>10k_S:<300,3,26616.936666666665,16,34.85,185.85,0,0.0,0.0,10,7.26,24.19,7,1330.0,3103.33,12,228.86,915.42,0,0.0,0.0,0,0,0.0,9,7868.74,23606.23,2,2526.0,1684.0
2025-03,B:>10k_S:>1k,8,26091.56078316699,483,52.46,3167.5,0,0.0,0.0,26,21.15,68.72,3,11340.92,4252.84,0,0.0,0.0,0,0.0,0.0,0,0,0.0,43,1332.26,7160.91,3,2667.67,1000.38
2025-03,B:nan_S:<1,438,-1.7581901840490874,19,0.43,0.02,276,87.55,55.17,230,73.98,38.85,142,126.16,40.9,549,424.42,531.98,111,263.1,66.68,0,0,0.0,468,445.78,476.31,99,228.34,51.61
2025-03,B:nan_S:<10,65,-2.033076923076911,94,3.31,4.78,17,23.62,6.18,36,2.08,1.15,55,128.52,108.75,81,249.53,310.95,10,234.5,36.08,0,0,0.0,34,81.55,42.65,7,87.9,9.47
2025-03,B:nan_S:<100,119,-1.5902924191577141,504,10.39,43.98,79,34.93,23.19,140,14.16,16.66,68,55.58,31.76,90,97.67,73.87,30,110.85,27.95,0,0,0.0,126,182.13,192.84,24,111.29,22.45
2025-03,B:nan_S:<1k,42,-10.878148294242443,477,64.59,733.58,6,258.58,36.94,55,41.32,54.11,35,465.9,388.25,25,595.7,354.58,18,69.89,29.95,0,0,0.0,79,242.89,456.87,0,0.0,0.0
2025-03,B:nan_S:<300,60,-6.4288301949203115,564,18.99,178.49,39,45.85,29.8,94,18.37,28.78,85,158.0,223.83,60,300.48,300.48,10,41.73,6.95,0,0,0.0,98,129.65,211.77,17,22.29,6.32
2025-03,B:nan_S:<500,32,-16.502364699909087,356,35.61,396.18,18,91.87,51.68,57,20.36,36.27,26,124.37,101.05,25,269.46,210.52,29,80.38,72.84,0,0,0.0,35,336.14,367.65,0,0.0,0.0
2025-03,B:nan_S:>1k,56,-84.17527729898528,964,117.23,2018.02,4,20.97,1.5,107,32.15,61.43,107,390.08,745.33,73,206.63,269.35,42,249.95,187.46,0,0,0.0,100,470.31,839.84,1,51.0,0.91
2025-04,B:<100_S:<1,1161,33.91687221314808,18,0.52,0.01,266,32.24,7.39,680,8.92,5.22,517,39.71,17.68,271,193.4,45.14,104,105.28,9.43,0,0,0.0,875,98.63,74.34,34,114.75,3.36
2025-04,B:<100_S:<10,124,32.31991935483871,171,4.38,6.04,18,28.82,4.18,76,8.42,5.16,83,45.93,30.74,49,30.66,12.11,14,36.21,4.09,0,0,0.0,81,24.42,15.95,5,159.4,6.43
2025-04,B:<100_S:<100,357,36.71066672016982,1265,11.63,41.2,198,81.06,44.96,382,42.26,45.22,267,69.69,52.12,157,190.09,83.6,63,73.24,12.92,0,0,0.0,424,94.79,112.58,19,204.29,10.87
2025-04,B:<100_S:<1k,75,42.04704958265883,1397,38.14,710.47,7,41.29,3.85,97,15.52,20.07,84,251.94,282.18,63,247.67,208.05,17,110.96,25.15,0,0,0.0,176,220.15,516.61,9,485.49,58.26
2025-04,B:<100_S:<300,203,38.790749954063735,1889,18.31,170.4,121,78.91,47.04,237,39.09,45.63,231,59.66,67.89,117,90.94,52.41,64,85.66,27.01,0,0,0.0,438,67.76,146.2,35,19.2,3.31
2025-04,B:<100_S:<500,81,41.89046832121321,1222,26.29,396.62,16,77.74,15.36,143,22.74,40.15,136,76.91,129.13,23,58.47,16.6,8,120.62,11.91,0,0,0.0,179,115.26,254.7,6,369.17,27.35
2025-04,B:<100_S:>1k,66,46.37207465874253,2359,56.42,2016.73,18,95.64,26.08,101,41.35,63.28,184,304.19,848.04,58,349.21,306.88,12,261.67,47.58,0,0,0.0,128,566.44,1098.55,3,834.76,37.94
2025-04,B:<10_S:<1,2625,1.2791985350073922,94,0.53,0.02,548,46.71,9.75,1342,6.9,3.53,665,56.99,14.44,990,214.47,80.89,274,178.8,18.66,0,0,0.0,1848,142.31,100.19,170,117.15,7.59
2025-04,B:<10_S:<10,395,2.393569620253164,670,3.08,5.22,89,5.7,1.28,208,1.29,0.68,98,36.91,9.16,75,84.72,16.09,21,18.14,0.96,0,0,0.0,191,27.08,13.09,2,240.06,1.22
2025-04,B:<10_S:<100,584,2.599025927630389,2104,10.21,36.78,99,31.44,5.33,495,4.8,4.06,298,49.7,25.36,153,112.96,29.59,55,73.36,6.91,0,0,0.0,506,48.44,41.97,44,71.2,5.36
2025-04,B:<10_S:<1k,54,3.0229370272847604,699,54.58,706.49,5,32.0,2.96,45,46.65,38.87,69,159.32,203.57,20,133.66,49.5,8,151.0,22.37,0,0,0.0,113,240.59,503.47,2,40.53,1.5
2025-04,B:<10_S:<300,167,2.8179367027922417,1183,23.69,167.78,61,15.32,5.6,199,7.91,9.43,174,76.38,79.58,87,116.52,60.7,36,87.83,18.93,0,0,0.0,221,99.97,132.29,4,10.5,0.25
2025-04,B:<10_S:<500,72,2.980138888888879,799,34.93,387.67,13,20.09,3.63,80,16.32,18.13,128,170.67,303.4,40,193.25,107.36,8,91.25,10.14,0,0,0.0,119,196.53,324.82,9,366.98,45.87
2025-04,B:<10_S:>1k,47,3.31522333690928,700,136.12,2027.35,1,20.0,0.43,75,43.04,68.68,171,363.85,1323.81,67,277.61,395.74,6,161.67,20.64,0,0,0.0,74,531.55,836.9,0,0.0,0.0
2025-04,B:<10k_S:<1,54,5547.53295081967,0,0.0,0.0,22,717.66,292.38,43,327.43,260.74,37,1233.67,845.29,80,889.27,1317.44,11,358.18,72.96,0,0,0.0,101,2183.27,4083.53,26,1243.69,598.81
2025-04,B:<10k_S:<10,4,5864.5625,4,3.91,3.91,0,0.0,0.0,1,18.77,4.69,3,2366.67,1775.0,9,806.3,1814.18,0,0.0,0.0,0,0,0.0,0,0.0,0.0,2,225.26,112.63
2025-04,B:<10k_S:<100,18,5094.825,47,17.76,46.37,13,4.0,2.89,31,38.3,65.95,15,1307.78,1089.82,49,624.37,1699.68,5,320.0,88.89,0,0,0.0,22,1286.09,1571.89,3,1340.33,223.39
2025-04,B:<10k_S:<1k,12,5368.149166666667,185,48.34,745.3,7,177.14,103.33,25,4.8,9.99,21,488.68,855.19,39,278.52,905.18,0,0.0,0.0,0,0,0.0,20,1046.58,1744.3,2,5960.5,993.42
2025-04,B:<10k_S:<300,10,5187.243,39,43.76,170.67,2,2317.45,463.49,19,299.13,568.34,15,763.09,1144.64,26,343.03,891.87,0,0.0,0.0,0,0,0.0,7,1275.95,893.16,0,0.0,0.0
2025-04,B:<10k_S:<500,11,5137.310909090909,75,57.65,393.04,3,433.33,118.18,31,23.0,64.81,6,1173.9,640.31,17,241.23,372.8,11,285.45,285.45,0,0,0.0,9,1005.65,822.81,1,1601.0,145.55
2025-04,B:<10k_S:>1k,35,5375.204285714285,1022,84.54,2468.52,2,536.5,30.66,73,11.43,23.84,26,1107.12,822.43,12,707.21,242.47,14,455.0,182.0,0,0,0.0,54,1671.48,2578.85,0,0.0,0.0
2025-04,B:<1k_S:<1,131,719.761883116883,1,1.0,0.01,64,46.93,22.93,108,33.16,27.34,61,261.37,121.71,101,337.23,260.0,51,238.29,92.77,0,0,0.0,157,480.37,575.72,19,969.51,140.62
2025-04,B:<1k_S:<10,7,693.1657142857142,10,2.26,3.23,1,1.0,0.14,7,0.73,0.73,5,388.61,277.58,18,89.48,230.1,1,150.0,21.43,0,0,0.0,8,407.28,465.47,0,0.0,0.0
2025-04,B:<1k_S:<100,41,711.2053658536586,129,13.68,43.06,3,40.33,2.95,26,2.41,1.53,22,292.25,156.81,54,68.3,89.95,3,86.67,6.34,0,0,0.0,42,316.88,324.6,1,188.33,4.59
2025-04,B:<1k_S:<1k,47,726.7540425531915,859,40.48,739.79,15,275.87,88.04,80,49.72,84.63,30,248.78,158.79,14,536.37,159.77,19,306.05,123.72,0,0,0.0,96,536.46,1095.76,4,87.96,7.49
2025-04,B:<1k_S:<300,42,737.7928971470831,269,27.17,174.01,26,382.54,236.81,61,144.4,209.73,60,303.2,433.14,50,329.44,392.18,30,207.42,148.16,0,0,0.0,78,304.65,565.77,7,118.04,19.67
2025-04,B:<1k_S:<500,21,650.8485714285714,255,34.06,413.54,0,0.0,0.0,33,1.66,2.62,12,444.75,254.15,11,220.91,115.71,3,416.67,59.52,0,0,0.0,38,469.79,850.1,4,684.05,130.29
2025-04,B:<1k_S:>1k,53,757.8915338290398,1536,69.27,2007.38,12,58.59,13.27,91,44.87,77.04,89,480.06,806.13,72,261.07,354.66,7,356.21,47.05,0,0,0.0,246,328.24,1523.54,20,360.38,135.99
2025-04,B:<3k_S:<1,135,1719.5228846153846,0,0.0,0.0,37,64.73,17.74,133,73.6,72.51,175,542.32,703.0,149,586.8,647.65,36,311.34,83.02,0,0,0.0,169,757.01,947.67,28,470.36,97.56
2025-04,B:<3k_S:<10,10,2040.9029999999998,22,2.79,6.14,1,8.03,0.8,10,6.34,6.34,1,505.22,50.52,17,183.88,312.59,4,387.5,155.0,0,0,0.0,26,566.24,1472.21,0,0.0,0.0
2025-04,B:<3k_S:<100,37,1572.7308108108111,104,16.86,47.39,27,196.13,143.12,132,30.17,107.64,19,665.42,341.7,39,358.79,378.19,4,399.0,43.14,0,0,0.0,67,439.48,795.82,8,1180.62,255.27
2025-04,B:<3k_S:<1k,38,1774.8192614750833,591,47.79,743.25,47,667.34,825.39,97,247.11,630.78,43,824.7,933.21,29,409.3,312.36,20,241.53,127.12,0,0,0.0,61,706.02,1133.36,4,2528.5,266.16
2025-04,B:<3k_S:<300,28,1691.2967857142853,157,32.92,184.59,9,241.57,77.65,30,119.42,127.95,51,269.24,490.39,29,228.45,236.61,6,211.67,45.36,0,0,0.0,50,445.06,794.76,2,1023.5,73.11
2025-04,B:<3k_S:<500,21,1594.4152380952378,268,32.64,416.52,16,445.27,339.25,33,224.93,353.47,4,685.88,130.64,0,0.0,0.0,8,260.88,99.38,0,0,0.0,64,353.34,1076.85,7,166.0,55.33
2025-04,B:<3k_S:>1k,72,1690.9157836405948,2091,73.99,2148.77,30,40.19,16.75,146,40.43,81.98,33,1129.74,517.8,37,236.37,121.47,30,311.33,129.72,0,0,0.0,176,850.23,2078.35,3,501.0,20.88
2025-04,B:<500_S:<1,418,226.84809027777774,3,0.28,0.0,75,346.29,62.13,282,85.19,57.47,226,101.83,55.06,210,190.48,95.69,86,166.96,34.35,0,0,0.0,530,187.88,238.22,36,303.74,26.16
2025-04,B:<500_S:<10,32,232.8603125,50,4.14,6.47,5,5.5,0.86,28,7.32,6.4,54,59.47,100.35,50,88.69,138.58,17,109.88,58.38,0,0,0.0,32,146.68,146.68,1,11.0,0.34
2025-04,B:<500_S:<100,141,236.5810097085756,475,14.42,48.57,68,44.52,21.47,128,16.44,14.93,130,168.14,155.02,136,170.41,164.37,25,78.33,13.89,0,0,0.0,175,166.59,206.77,3,743.28,15.81
2025-04,B:<500_S:<1k,102,283.4693137254902,1910,39.05,731.29,51,145.04,72.52,126,24.46,30.21,158,186.37,288.7,61,170.38,101.9,19,226.66,42.22,0,0,0.0,216,335.71,710.91,6,658.33,38.73
2025-04,B:<500_S:<300,145,229.5119198574384,1302,20.33,182.58,43,82.45,24.45,131,29.0,26.2,138,109.72,104.43,71,111.52,54.61,21,160.96,23.31,0,0,0.0,272,168.42,315.94,15,257.65,26.65
2025-04,B:<500_S:<500,69,250.70982330382816,876,30.1,382.2,8,198.5,23.01,41,54.68,32.49,78,136.97,154.83,19,33.67,9.27,19,211.32,58.19,0,0,0.0,142,195.19,401.7,15,89.87,19.54
2025-04,B:<500_S:>1k,97,284.43496518900645,2805,69.41,2007.14,25,403.06,103.88,145,56.18,83.98,189,413.64,805.96,52,557.15,298.68,30,270.24,83.58,0,0,0.0,286,408.19,1203.54,7,98.24,7.09
2025-04,B:>10k_S:<1,18,23508.46,0,0.0,0.0,2,535.0,59.44,33,1844.57,3381.71,26,3665.32,5294.36,30,1523.84,2539.74,0,0.0,0.0,0,0,0.0,18,6210.14,6210.14,13,1749.23,1263.33
2025-04,B:>10k_S:<100,6,26060.44166666667,12,34.67,69.34,0,0.0,0.0,10,16.92,28.19,5,5112.3,4260.25,24,467.42,1869.67,0,0.0,0.0,0,0,0.0,5,4307.64,3589.7,1,1991.0,331.83
2025-04,B:>10k_S:<1k,3,17301.132088445313,11,177.53,650.94,0,0.0,0.0,5,36.5,60.83,2,6000.0,4000.0,0,0.0,0.0,0,0.0,0.0,0,0,0.0,6,2997.21,5994.42,2,1450.0,966.67
2025-04,B:>10k_S:<300,2,11330.189999999999,6,71.25,213.74,0,0.0,0.0,2,1.24,1.24,5,2426.58,6066.44,5,789.52,1973.8,0,0.0,0.0,0,0,0.0,5,2964.02,7410.05,0,0.0,0.0
2025-04,B:>10k_S:<500,4,18464.0475,27,62.21,419.93,3,2700.0,2025.0,10,830.26,2075.65,8,3812.46,7624.92,3,1005.33,754.0,0,0.0,0.0,0,0,0.0,5,2101.4,2626.75,1,2944.92,736.23
2025-04,B:>10k_S:>1k,11,23891.840909090908,537,71.69,3499.58,2,1265.0,230.0,42,25.71,98.17,11,2042.64,2042.64,16,458.01,666.19,0,0.0,0.0,0,0,0.0,17,3774.09,5832.68,2,3498.5,636.09
2025-04,B:nan_S:<1,530,-4.970444915354869,17,0.45,0.01,270,139.57,71.1,374,47.59,33.58,312,235.75,138.78,608,408.07,468.12,83,208.23,32.61,0,0,0.0,607,404.6,463.38,144,424.59,115.36
2025-04,B:nan_S:<10,69,-0.7566186303544307,116,2.76,4.64,34,15.36,7.57,75,5.99,6.51,20,186.54,54.07,63,160.66,146.69,9,271.11,35.36,0,0,0.0,47,126.3,86.03,5,51.91,3.76
2025-04,B:nan_S:<100,130,-5.2882615848053645,496,9.95,37.98,48,238.23,87.96,174,34.09,45.63,93,80.39,57.51,169,185.96,241.74,36,176.52,48.88,0,0,0.0,139,238.2,254.69,38,80.86,23.64
2025-04,B:nan_S:<1k,55,-2.9145032300197626,838,45.48,692.93,11,22.58,4.52,77,89.3,125.02,36,243.63,159.47,41,279.92,208.67,20,124.91,45.42,0,0,0.0,118,285.64,612.83,1,56.0,1.02
2025-04,B:nan_S:<300,89,-1.249662921348322,720,21.75,175.97,51,189.03,108.32,126,50.41,71.37,123,128.99,178.26,101,269.84,306.22,13,212.08,30.98,0,0,0.0,146,213.05,349.49,3,942.91,31.78
2025-04,B:nan_S:<500,29,-2.225646036673411,234,48.52,391.51,4,45.81,6.32,41,11.12,15.72,25,113.29,97.66,22,79.64,60.41,9,178.89,55.52,0,0,0.0,55,192.61,365.3,1,201.0,6.93
2025-04,B:nan_S:>1k,70,-12.194669691342684,1247,212.18,3779.79,15,725.64,155.49,144,25.5,52.45,229,956.0,3127.47,118,502.96,847.85,15,369.11,79.09,0,0,0.0,149,551.38,1173.64,11,1489.41,234.05
2025-05,B:<100_S:<1,1196,33.370569059679625,8,0.73,0.0,228,52.08,9.93,887,13.24,9.82,620,42.86,22.22,359,219.35,65.84,121,79.25,8.02,0,0,0.0,760,109.25,69.42,49,126.38,5.18
2025-05,B:<100_S:<10,117,32.707264957264954,165,3.67,5.17,7,12.25,0.73,55,3.42,1.61,33,23.86,6.73,33,32.58,9.19,7,56.43,3.38,0,0,0.0,97,44.73,37.08,1,11.0,0.09
2025-05,B:<100_S:<100,442,37.771452204050384,1619,10.84,39.71,103,26.48,6.17,324,15.44,11.32,322,67.88,49.45,231,138.38,72.32,78,55.32,9.76,0,0,0.0,580,104.69,137.37,42,486.59,46.24
2025-05,B:<100_S:<1k,88,43.96172666131994,2170,28.71,707.91,37,193.77,81.47,170,38.95,75.24,244,88.33,244.9,86,133.02,130.0,12,216.33,29.5,0,0,0.0,257,187.13,546.5,5,112.8,6.41
2025-05,B:<100_S:<300,260,42.24202186496035,2550,17.95,176.03,87,68.79,23.02,330,30.06,38.16,443,47.56,81.04,187,115.38,82.98,70,63.24,17.03,0,0,0.0,505,88.87,172.61,28,144.46,15.56
2025-05,B:<100_S:<500,80,45.97809298227291,1265,24.5,387.47,5,18.6,1.16,91,20.68,23.52,176,69.47,152.84,54,151.3,102.13,22,64.68,17.79,0,0,0.0,122,197.17,300.68,3,91.0,3.41
2025-05,B:<100_S:>1k,88,44.17551220724229,2056,79.88,1866.35,6,127.38,8.69,108,23.33,28.63,177,343.57,691.05,46,302.46,158.1,14,198.57,31.59,0,0,0.0,220,375.73,939.32,6,66.0,4.5
2025-05,B:<10_S:<1,3242,1.731826278686241,91,0.57,0.02,691,74.14,15.8,1676,15.65,8.09,895,59.16,16.33,1540,271.62,129.02,309,209.28,19.95,0,0,0.0,4572,86.3,121.71,221,205.78,14.03
2025-05,B:<10_S:<10,490,2.072249068797219,781,3.24,5.17,50,10.04,1.02,272,1.9,1.05,81,15.79,2.61,57,46.64,5.43,23,17.17,0.81,0,0,0.0,209,30.82,13.15,10,57.3,1.17
2025-05,B:<10_S:<100,709,2.667088156559091,2482,10.32,36.14,210,36.43,10.79,625,9.03,7.96,386,29.65,16.14,182,43.93,11.28,98,55.01,7.6,0,0,0.0,499,49.24,34.65,19,133.11,3.57
2025-05,B:<10_S:<1k,70,3.3598552722593666,915,55.75,728.72,6,136.39,11.69,83,12.49,14.81,77,163.38,179.72,11,92.7,14.57,11,286.06,44.95,0,0,0.0,154,228.06,501.73,2,601.0,17.17
2025-05,B:<10_S:<300,266,3.1629088551170828,2078,22.37,174.77,55,143.76,29.72,317,28.51,33.97,272,80.77,82.59,93,165.18,57.75,40,123.48,18.57,0,0,0.0,342,106.76,137.27,10,149.82,5.63
2025-05,B:<10_S:<500,77,3.1363646560838494,683,45.02,399.35,26,208.22,70.31,86,16.0,17.87,91,114.42,135.23,42,341.45,186.24,9,185.56,21.69,0,0,0.0,121,275.01,432.16,2,31.0,0.81
2025-05,B:<10_S:>1k,70,3.1729200924539027,1023,153.22,2239.15,1,12.0,0.17,73,15.62,16.29,166,555.95,1318.39,5,229.1,16.36,5,152.0,10.86,0,0,0.0,120,388.7,666.34,0,0.0,0.0
2025-05,B:<10k_S:<1,64,5718.965383250054,0,0.0,0.0,12,350.0,65.62,52,31.43,25.54,57,1301.16,1158.85,124,788.4,1527.52,8,500.0,62.5,0,0,0.0,120,1514.24,2839.2,10,1192.02,186.25
2025-05,B:<10k_S:<10,4,5047.605,4,3.45,3.45,0,0.0,0.0,13,3.32,10.79,3,1546.43,1159.82,0,0.0,0.0,0,0.0,0.0,0,0,0.0,2,3670.0,1835.0,1,51.0,12.75
2025-05,B:<10k_S:<100,21,4721.984761904761,51,16.85,40.92,1,2035.99,96.95,29,175.72,242.67,13,840.0,520.0,40,605.68,1153.68,5,384.0,91.43,0,0,0.0,24,2076.24,2372.85,2,650.5,61.95
2025-05,B:<10k_S:<1k,15,4907.832188933305,128,88.89,758.54,8,350.0,186.67,43,163.89,469.81,13,592.29,513.32,24,834.65,1335.45,2,345.0,46.0,0,0,0.0,19,1661.82,2104.97,4,725.0,193.33
2025-05,B:<10k_S:<300,17,4872.707647058824,95,30.35,169.61,15,2.87,2.53,21,10.51,12.99,17,889.94,889.94,79,296.78,1379.18,4,119.0,28.0,0,0,0.0,32,1035.08,1948.39,2,509.5,59.94
2025-05,B:<10k_S:<500,12,4871.181666666666,127,37.21,393.77,10,1060.32,883.6,17,331.4,469.49,12,224.77,224.77,51,461.3,1960.52,2,155.0,25.83,0,0,0.0,11,1593.5,1460.71,3,1340.67,335.17
2025-05,B:<10k_S:>1k,43,5174.584117444905,1167,97.83,2655.16,14,891.79,290.35,82,140.91,268.71,68,1363.13,2155.64,38,344.75,304.66,11,375.73,96.12,0,0,0.0,75,1469.93,2563.82,9,839.65,175.74
2025-05,B:<1k_S:<1,166,726.2504119538108,0,0.0,0.0,25,69.06,10.4,128,18.2,14.03,100,293.58,176.86,163,269.19,264.32,32,291.6,56.21,0,0,0.0,185,409.44,456.31,9,170.97,9.27
2025-05,B:<1k_S:<10,14,729.1515915,15,4.74,5.08,0,0.0,0.0,7,3.75,1.88,14,128.56,128.56,13,273.06,253.56,7,250.0,125.0,0,0,0.0,8,579.34,331.05,0,0.0,0.0
2025-05,B:<1k_S:<100,52,737.1912959999999,182,14.99,52.48,50,65.94,63.4,101,57.88,112.42,62,387.37,461.86,91,326.1,570.67,5,275.0,26.44,0,0,0.0,69,387.5,514.19,3,337.0,19.44
2025-05,B:<1k_S:<1k,37,715.2044514042075,764,35.41,731.25,9,336.47,81.85,73,22.73,44.84,42,308.71,350.42,26,56.96,40.02,25,189.16,127.81,0,0,0.0,62,394.07,660.34,3,95.33,7.73
2025-05,B:<1k_S:<300,52,710.0192137754998,359,26.6,183.61,9,227.37,39.35,55,59.41,62.84,52,433.83,433.83,60,255.77,295.12,15,187.0,53.94,0,0,0.0,128,216.08,531.88,14,135.36,36.44
2025-05,B:<1k_S:<500,29,652.7690559704447,464,24.78,396.55,2,200.0,13.79,23,3.97,3.15,22,351.86,266.93,53,62.7,114.58,15,281.49,145.6,0,0,0.0,34,423.08,496.03,4,1426.03,196.69
2025-05,B:<1k_S:>1k,86,700.9816402267711,3028,64.72,2278.77,16,395.87,73.65,152,79.62,140.72,131,494.94,753.92,21,900.24,219.83,35,204.06,83.05,0,0,0.0,263,560.99,1715.58,2,206.0,4.79
2025-05,B:<3k_S:<1,150,1698.48617180663,0,0.0,0.0,24,127.6,20.42,145,62.83,60.74,91,532.93,323.31,184,331.87,407.09,47,216.71,67.9,0,0,0.0,227,597.33,903.95,26,1092.75,189.41
2025-05,B:<3k_S:<10,7,2043.8571428571427,9,4.54,5.83,3,358.33,153.57,11,4.56,7.17,13,582.41,1081.61,8,1281.59,1464.67,5,207.26,148.04,0,0,0.0,1,1698.87,242.7,7,569.0,569.0
2025-05,B:<3k_S:<100,47,1742.29091041082,134,14.12,40.24,5,70.51,7.5,38,21.3,17.22,31,400.44,264.12,66,272.85,383.15,7,324.29,48.3,0,0,0.0,52,706.58,781.75,1,1801.0,38.32
2025-05,B:<3k_S:<1k,41,1733.0489747415058,710,41.39,716.81,14,175.24,59.84,64,37.5,58.54,49,448.01,535.43,39,475.05,451.87,19,289.48,134.15,0,0,0.0,71,594.34,1029.22,12,257.45,75.35
2025-05,B:<3k_S:<300,43,1566.531660209268,259,29.65,178.57,7,41.47,6.75,62,19.25,27.75,64,340.5,506.79,110,296.46,758.4,2,140.0,6.51,0,0,0.0,58,788.23,1063.2,7,360.57,58.7
2025-05,B:<3k_S:<500,23,1458.135498696519,301,31.07,406.57,53,59.62,137.39,16,225.22,156.68,42,348.09,635.64,21,248.28,226.69,17,241.47,178.48,0,0,0.0,27,514.88,604.42,2,751.0,65.3
2025-05,B:<3k_S:>1k,90,1741.6438486934765,3347,67.87,2523.94,14,346.14,53.84,198,66.55,146.42,94,878.24,917.27,54,713.29,427.98,38,226.82,95.77,0,0,0.0,248,936.68,2581.06,9,1784.39,178.44
2025-05,B:<500_S:<1,504,221.68588875010713,1,0.13,0.0,119,202.25,47.75,468,47.08,43.72,257,141.33,72.07,284,278.12,156.72,81,142.1,22.84,0,0,0.0,559,209.61,232.49,29,643.12,37.0
2025-05,B:<500_S:<10,37,187.72508134773747,55,4.08,6.06,4,22.75,2.46,45,14.74,17.93,48,81.6,105.86,38,198.35,203.71,15,80.13,32.49,0,0,0.0,18,80.13,38.98,6,100.81,16.35
2025-05,B:<500_S:<100,181,214.54103915656862,597,13.66,45.05,38,43.22,9.07,155,17.82,15.26,79,127.69,55.73,71,175.25,68.74,25,127.78,17.65,0,0,0.0,198,198.61,217.27,7,375.77,14.53
2025-05,B:<500_S:<1k,100,248.2893781090059,2051,35.98,737.98,12,87.08,10.45,115,13.13,15.1,158,155.76,246.1,56,150.6,84.34,18,156.14,28.1,0,0,0.0,230,324.59,746.55,12,236.46,28.38
2025-05,B:<500_S:<300,165,229.9871554876736,1374,22.67,188.79,28,77.48,13.15,169,65.24,66.83,88,163.88,87.4,105,252.0,160.37,55,123.08,41.03,0,0,0.0,298,239.47,432.5,41,254.65,63.28
2025-05,B:<500_S:<500,91,244.03374538932408,1443,24.58,389.7,43,82.63,39.04,124,18.51,25.23,93,126.0,128.76,42,354.0,163.39,46,128.7,65.06,0,0,0.0,183,296.23,595.72,15,155.77,25.68
2025-05,B:<500_S:>1k,138,274.384367126312,3702,78.55,2107.1,14,113.6,11.52,272,41.79,82.38,249,413.44,745.99,119,320.49,276.37,30,334.06,72.62,0,0,0.0,409,452.22,1340.28,15,557.29,60.58
2025-05,B:>10k_S:<1,26,22818.99195305042,0,0.0,0.0,10,972.8,374.15,41,14.5,22.86,16,10367.47,6379.98,54,1153.69,2396.13,0,0.0,0.0,0,0,0.0,36,3498.3,4843.79,15,1096.33,632.5
2025-05,B:>10k_S:<10,1,12203.84,1,6.0,6.0,0,0.0,0.0,0,0.0,0.0,0,0.0,0.0,0,0.0,0.0,0,0.0,0.0,0,0,0.0,0,0.0,0.0,0,0.0,0.0
2025-05,B:>10k_S:<100,8,22457.447828999997,14,25.44,44.52,2,5.5,1.38,16,17.09,34.18,9,2016.19,2268.21,15,561.22,1052.29,0,0.0,0.0,0,0,0.0,7,1295.48,1133.54,7,1456.57,1274.5
2025-05,B:>10k_S:<1k,6,21568.591666666664,48,95.11,760.88,0,0.0,0.0,8,10.69,14.26,6,1885.53,1885.53,5,2002.4,1668.67,0,0.0,0.0,0,0,0.0,21,2305.26,8068.42,0,0.0,0.0
2025-05,B:>10k_S:<300,6,20110.109397889762,24,48.79,195.15,2,195.0,65.0,3,24.88,12.44,9,3781.07,5671.6,22,434.18,1592.0,0,0.0,0.0,0,0,0.0,19,4107.87,13008.24,6,3767.67,3767.67
2025-05,B:>10k_S:<500,3,18856.06333333333,14,85.83,400.56,0,0.0,0.0,6,6.37,12.73,0,0.0,0.0,14,588.0,2744.0,0,0.0,0.0,0,0,0.0,4,8984.66,11979.55,0,0.0,0.0
2025-05,B:>10k_S:>1k,17,23329.026839137405,631,82.72,3070.29,0,0.0,0.0,58,18.59,63.43,55,1498.14,4846.94,33,1029.21,1997.89,0,0.0,0.0,0,0,0.0,21,3278.71,4050.18,1,1999.0,117.59
2025-05,B:nan_S:<1,808,-4.153722627471405,36,0.34,0.02,451,180.56,100.78,606,49.87,37.4,478,158.02,93.48,1196,364.3,539.23,109,232.33,31.34,0,0,0.0,1336,341.08,563.97,418,125.61,64.98
2025-05,B:nan_S:<10,106,-1.2040044622641697,188,2.85,5.05,38,20.42,7.32,138,4.85,6.32,86,108.41,87.96,149,187.92,264.16,11,202.5,21.01,0,0,0.0,100,197.62,186.44,6,407.37,23.06
2025-05,B:nan_S:<100,218,-5.962689037446705,852,10.2,39.87,93,114.08,48.67,270,24.93,30.88,136,78.46,48.95,319,121.75,178.16,55,122.2,30.83,0,0,0.0,234,228.11,244.85,25,72.32,8.29
2025-05,B:nan_S:<1k,61,-2.992688362461345,889,48.66,709.18,55,228.28,205.83,154,17.78,44.88,81,220.95,293.39,43,276.62,194.99,13,208.12,44.35,0,0,0.0,120,407.23,801.11,6,1405.61,138.26
2025-05,B:nan_S:<300,110,-5.515891813217212,869,21.84,172.51,69,70.28,44.09,186,26.98,45.62,122,96.73,107.28,117,207.82,221.04,27,121.96,29.94,0,0,0.0,177,180.55,290.53,35,156.2,49.7
2025-05,B:nan_S:<500,50,-12.419380173091234,531,37.67,400.1,48,222.58,213.68,99,97.49,193.03,99,204.91,405.72,171,132.04,451.57,32,128.66,82.34,0,0,0.0,75,278.21,417.32,0,0.0,0.0
2025-05,B:nan_S:>1k,106,-12.723201101109376,1874,149.29,2639.37,14,49.29,6.51,176,26.76,44.43,211,713.55,1420.36,109,399.97,411.29,12,387.92,43.92,0,0,0.0,231,590.87,1287.64,17,467.46,74.97
2025-06,B:<100_S:<1,856,33.495566247143614,16,0.67,0.01,113,92.58,12.22,221,13.79,3.56,353,77.41,31.92,201,389.82,91.54,59,138.42,9.54,0,0,0.0,530,160.51,99.38,48,196.57,11.02
2025-06,B:<100_S:<10,145,36.39441102190179,188,4.27,5.54,6,18.33,0.76,19,3.88,0.51,43,82.32,24.41,31,253.75,54.25,4,70.89,1.96,0,0,0.0,53,129.45,47.32,1,12.0,0.08
2025-06,B:<100_S:<100,393,39.69536236209627,1305,12.43,41.27,17,42.54,1.84,93,8.02,1.9,166,76.32,32.23,99,198.96,50.12,25,41.64,2.65,0,0,0.0,261,99.54,66.11,19,463.63,22.41
2025-06,B:<100_S:<1k,60,44.519119451203764,705,58.41,686.36,3,36.65,1.83,38,29.27,18.54,59,166.44,163.67,16,191.59,51.09,2,500.0,16.67,0,0,0.0,74,266.34,328.48,2,58.0,1.93
2025-06,B:<100_S:<300,181,46.54095138684337,1275,24.45,172.22,34,65.25,12.26,77,20.26,8.62,173,120.72,115.39,70,326.45,126.25,16,183.75,16.24,0,0,0.0,217,95.42,114.4,2,256.0,2.83
2025-06,B:<100_S:<500,69,46.57174350888657,699,39.82,403.37,9,143.08,18.66,34,36.47,17.97,60,119.31,103.75,29,86.05,36.17,10,155.5,22.54,0,0,0.0,78,197.18,222.9,14,61.83,12.55
2025-06,B:<100_S:>1k,23,50.72332466133132,352,99.65,1525.02,1,11.0,0.48,9,5.54,2.17,35,319.84,486.71,3,978.63,127.65,0,0.0,0.0,0,0,0.0,18,846.05,662.12,0,0.0,0.0
2025-06,B:<10_S:<1,1661,1.9814142336641596,78,0.6,0.03,245,111.91,16.51,343,8.53,1.76,452,103.42,28.14,752,259.51,117.49,152,201.66,18.45,0,0,0.0,893,239.23,128.62,84,482.71,24.41
2025-06,B:<10_S:<10,356,2.593813593986503,491,3.7,5.1,7,34.09,0.67,56,2.77,0.44,73,19.89,4.08,36,91.8,9.28,8,10.62,0.24,0,0,0.0,68,66.68,12.74,1,209.0,0.59
2025-06,B:<10_S:<100,471,3.0472301716227532,1561,11.47,38.01,31,18.55,1.22,137,6.92,2.01,193,32.03,13.13,99,54.41,11.44,22,30.36,1.42,0,0,0.0,230,41.36,20.2,10,43.36,0.92
2025-06,B:<10_S:<1k,41,3.609109810514373,426,68.23,708.96,0,0.0,0.0,24,26.4,15.45,45,244.75,268.63,11,235.93,63.3,1,200.0,4.88,0,0,0.0,43,290.15,304.3,1,10.0,0.24
2025-06,B:<10_S:<300,109,3.4919136104225164,724,26.23,174.22,3,31.67,0.87,43,20.88,8.24,97,50.6,45.03,23,136.8,28.87,10,97.15,8.91,0,0,0.0,59,122.75,66.44,1,101.0,0.93
2025-06,B:<10_S:<500,38,4.154315223572314,202,72.12,383.36,0,0.0,0.0,6,2.89,0.46,22,170.13,98.5,7,42.57,7.84,2,202.5,10.66,0,0,0.0,18,299.72,141.97,0,0.0,0.0
2025-06,B:<10_S:>1k,13,4.618809392069197,160,126.8,1560.58,0,0.0,0.0,4,5.83,1.8,9,847.88,586.99,2,77.5,11.92,0,0.0,0.0,0,0,0.0,6,1167.57,538.88,0,0.0,0.0
2025-06,B:<10k_S:<1,65,5444.709453713994,0,0.0,0.0,7,708.29,76.28,4,3.93,0.24,18,1203.3,333.22,64,842.22,829.27,12,354.67,65.48,0,0,0.0,72,1837.92,2035.85,4,625.25,38.48
2025-06,B:<10k_S:<10,6,4339.858333333333,7,6.17,7.19,0,0.0,0.0,0,0.0,0.0,0,0.0,0.0,10,74.7,124.5,0,0.0,0.0,0,0,0.0,2,1250.0,416.67,0,0.0,0.0
2025-06,B:<10k_S:<100,28,6095.944130214286,68,21.06,51.16,9,861.18,276.81,10,1163.99,415.71,11,1729.69,679.52,41,812.35,1189.52,4,415.0,59.29,0,0,0.0,20,917.23,655.17,2,522.0,37.29
2025-06,B:<10k_S:<1k,11,6779.78953217541,74,109.59,737.26,4,1739.0,632.36,5,2294.63,1043.01,2,3000.05,545.46,14,637.74,811.66,0,0.0,0.0,0,0,0.0,9,2694.54,2204.62,0,0.0,0.0
2025-06,B:<10k_S:<300,16,5324.553201246506,95,34.93,207.41,2,7.5,0.94,1,3.27,0.2,8,550.42,275.21,30,643.7,1206.94,3,416.67,78.12,0,0,0.0,10,2594.05,1621.28,3,64.33,12.06
2025-06,B:<10k_S:<500,13,4274.907730769231,88,61.63,417.17,0,0.0,0.0,5,21.0,8.08,7,508.62,273.87,0,0.0,0.0,0,0.0,0.0,0,0,0.0,6,1190.15,549.3,0,0.0,0.0
2025-06,B:<10k_S:>1k,22,5176.659695732642,386,124.76,2189.03,0,0.0,0.0,9,26.22,10.73,11,778.24,389.12,9,789.07,322.8,4,500.0,90.91,0,0,0.0,14,2744.77,1746.67,2,1400.0,127.27
2025-06,B:<1k_S:<1,167,706.0043007926791,1,0.33,0.0,7,977.64,40.98,29,122.81,21.33,53,234.74,74.5,68,474.66,193.27,29,338.21,58.73,0,0,0.0,145,549.45,477.07,6,812.64,29.2
2025-06,B:<1k_S:<10,13,621.7684615384616,16,4.62,5.69,0,0.0,0.0,3,1.69,0.39,5,179.0,68.85,3,539.97,124.61,0,0.0,0.0,0,0,0.0,11,565.29,478.32,0,0.0,0.0
2025-06,B:<1k_S:<100,72,707.1279673165253,220,16.51,50.45,23,106.87,34.14,15,77.1,16.06,11,466.0,71.19,24,583.8,194.6,23,196.63,62.81,0,0,0.0,55,480.89,367.35,1,33.0,0.46
2025-06,B:<1k_S:<1k,43,691.1761912569334,554,54.67,704.31,1,8.51,0.2,14,8.2,2.67,13,501.7,151.68,5,233.87,27.19,11,189.7,48.53,0,0,0.0,48,465.56,519.7,0,0.0,0.0
2025-06,B:<1k_S:<300,66,724.0478673097633,419,29.35,186.35,17,75.05,19.33,25,44.74,16.95,16,236.17,57.25,1,6000.3,90.91,9,233.61,31.86,0,0,0.0,65,399.71,393.65,5,76.6,5.8
2025-06,B:<1k_S:<500,41,676.5740704099458,427,39.06,406.8,1,1.0,0.02,19,29.95,13.88,15,580.16,212.25,8,750.91,146.52,0,0.0,0.0,0,0,0.0,51,423.48,526.77,1,3113.38,75.94
2025-06,B:<1k_S:>1k,19,763.7671673705811,462,78.01,1896.95,0,0.0,0.0,12,12.51,7.9,26,529.81,725.0,14,86.64,63.84,2,300.0,31.58,0,0,0.0,18,943.34,893.69,1,51.0,2.68
2025-06,B:<3k_S:<1,149,1705.7404252274318,1,0.59,0.0,29,283.27,55.13,26,339.86,59.3,63,481.66,203.66,106,771.1,548.57,38,250.42,63.87,0,0,0.0,157,707.32,745.3,13,351.41,30.66
2025-06,B:<3k_S:<10,12,1808.3633333333335,12,5.95,5.95,1,21.0,1.75,3,3.02,0.76,2,17.12,2.85,4,666.77,222.26,2,245.0,40.83,0,0,0.0,14,587.89,685.87,1,11.0,0.92
2025-06,B:<3k_S:<100,58,1664.2678259264983,163,17.51,49.21,13,1285.92,288.22,19,1120.31,367.0,16,520.68,143.64,26,328.94,147.46,8,467.5,64.48,0,0,0.0,37,512.54,326.97,4,281.0,19.38
2025-06,B:<3k_S:<1k,46,1737.5179272961439,552,60.86,730.27,1,50.0,1.09,19,8.24,3.4,25,895.18,486.51,29,526.82,332.13,1,150.0,3.26,0,0,0.0,40,1029.43,895.15,2,1026.0,44.61
2025-06,B:<3k_S:<300,47,1632.765281158688,298,30.76,195.01,0,0.0,0.0,15,175.4,55.98,26,707.0,391.11,23,429.58,210.22,12,232.5,59.36,0,0,0.0,39,811.63,673.48,11,300.43,70.31
2025-06,B:<3k_S:<500,27,1645.235431357568,203,53.81,404.6,5,462.0,85.56,8,323.54,95.86,6,574.17,127.59,14,173.89,90.16,8,284.38,84.26,0,0,0.0,20,816.0,604.45,0,0.0,0.0
2025-06,B:<3k_S:>1k,42,1660.5471344831649,851,92.38,1871.77,2,1050.0,50.0,23,116.75,63.93,24,904.07,516.61,12,346.24,98.93,3,333.33,23.81,0,0,0.0,54,944.0,1213.71,4,1365.5,130.05
2025-06,B:<500_S:<1,448,228.17403976926008,0,0.0,0.0,48,69.68,7.47,88,62.59,12.3,124,140.42,38.87,121,371.52,100.34,51,163.02,18.56,0,0,0.0,412,233.7,214.92,23,211.42,10.85
2025-06,B:<500_S:<10,35,229.5677859428571,56,3.54,5.67,2,50.63,2.89,19,69.85,37.92,6,102.42,17.56,2,61.0,3.49,3,333.33,28.57,0,0,0.0,14,182.85,73.14,0,0.0,0.0
2025-06,B:<500_S:<100,207,232.0653964292496,614,14.3,42.41,15,153.69,11.14,51,69.47,17.12,84,111.7,45.33,71,291.23,99.89,22,117.18,12.45,0,0,0.0,120,292.19,169.39,10,189.21,9.14
2025-06,B:<500_S:<1k,74,303.3304851354384,1069,49.18,710.44,5,87.73,5.93,28,77.17,29.2,37,301.42,150.71,8,402.31,43.49,13,239.15,42.01,0,0,0.0,129,300.6,524.03,0,0.0,0.0
2025-06,B:<500_S:<300,169,246.20980939328572,1285,25.18,191.46,28,124.69,20.66,53,12.37,3.88,97,114.42,65.67,59,126.94,44.32,23,151.85,20.67,0,0,0.0,215,180.16,229.2,4,74.47,1.76
2025-06,B:<500_S:<500,72,278.423886895353,700,41.05,399.13,9,14.11,1.76,27,7.68,2.88,34,177.14,83.65,10,177.63,24.67,6,343.33,28.61,0,0,0.0,83,301.78,347.88,4,316.0,17.56
2025-06,B:<500_S:>1k,46,308.88739954337154,915,82.62,1643.44,4,227.12,19.75,23,217.75,108.88,48,446.53,465.94,10,514.43,111.83,0,0.0,0.0,0,0,0.0,56,616.74,750.82,5,803.0,87.28
2025-06,B:>10k_S:<1,23,20914.756244345965,0,0.0,0.0,13,1945.32,1099.53,7,2051.9,624.49,8,2139.61,744.21,35,1180.31,1796.12,1,500.0,21.74,0,0,0.0,18,4633.49,3626.21,5,1363.0,296.3
2025-06,B:>10k_S:<10,1,12197.84,1,6.0,6.0,0,0.0,0.0,0,0.0,0.0,0,0.0,0.0,0,0.0,0.0,0,0.0,0.0,0,0,0.0,0,0.0,0.0,0,0.0,0.0
2025-06,B:>10k_S:<100,6,19337.142105333332,14,16.86,39.34,0,0.0,0.0,0,0.0,0.0,1,2000.0,333.33,3,2108.33,1054.17,0,0.0,0.0,0,0,0.0,5,4450.47,3708.72,2,1426.97,475.66
2025-06,B:>10k_S:<1k,2,14147.74813266797,14,82.46,577.2,0,0.0,0.0,1,2.0,1.0,3,782.0,1173.0,0,0.0,0.0,0,0.0,0.0,0,0,0.0,1,1872.0,936.0,0,0.0,0.0
2025-06,B:>10k_S:<300,5,23715.268,13,62.94,163.65,0,0.0,0.0,2,37.39,14.96,0,0.0,0.0,4,212.75,170.2,0,0.0,0.0,0,0,0.0,1,6800.0,1360.0,0,0.0,0.0
2025-06,B:>10k_S:<500,2,32811.955,26,34.47,448.1,0,0.0,0.0,3,4.28,6.43,0,0.0,0.0,0,0.0,0.0,0,0.0,0.0,0,0,0.0,4,979.24,1958.49,0,0.0,0.0
2025-06,B:>10k_S:>1k,9,28822.687777777777,217,84.39,2034.75,0,0.0,0.0,7,9.17,7.13,2,4504.72,1001.05,2,2274.22,505.38,0,0.0,0.0,0,0,0.0,5,4949.96,2749.98,0,0.0,0.0
2025-06,B:nan_S:<1,532,-5.064153481165609,20,0.65,0.02,144,193.87,52.48,112,37.17,7.83,168,182.81,57.73,567,503.06,536.15,74,132.11,18.38,0,0,0.0,416,481.8,376.75,66,749.15,92.94
2025-06,B:nan_S:<10,73,-1.4556000573488799,115,3.07,4.84,3,9.24,0.38,23,5.06,1.59,13,44.83,7.98,30,66.5,27.33,6,25.33,2.08,0,0,0.0,21,186.48,53.64,4,31.87,1.75
2025-06,B:nan_S:<100,141,-3.388300871458939,479,12.03,40.88,42,45.58,13.58,61,15.57,6.74,46,56.28,18.36,85,194.82,117.45,21,173.67,25.87,0,0,0.0,78,190.1,105.16,7,535.27,26.57
2025-06,B:nan_S:<1k,35,-3.8424994082534525,248,95.74,678.36,1,1.0,0.03,16,3.88,1.77,26,269.86,200.47,24,513.8,352.32,5,239.0,34.14,0,0,0.0,36,528.06,543.14,0,0.0,0.0
2025-06,B:nan_S:<300,64,-6.998284711964205,434,25.92,175.8,9,634.82,89.27,25,16.11,6.29,42,167.89,110.18,53,144.73,119.85,2,251.52,7.86,0,0,0.0,47,208.96,153.45,21,109.0,35.77
2025-06,B:nan_S:<500,35,-2.7254140929428323,188,74.55,400.45,6,23.18,3.97,24,14.62,10.02,6,242.26,41.53,28,168.54,134.83,5,168.84,24.12,0,0,0.0,30,296.83,254.42,0,0.0,0.0
2025-06,B:nan_S:>1k,22,-10.592111791856789,249,126.17,1427.97,0,0.0,0.0,12,27.99,15.27,5,1093.99,248.63,11,310.81,155.4,0,0.0,0.0,0,0,0.0,15,895.42,610.52,0,0.0,0.0
